URL,Version,Status,OIDs,Name,Title,Descriptino,Uses,Used,Sources
http://hl7.org/fhir/us/core/ValueSet/uscore-common-sdoh-assessments,0.0.0,active,,USCoreCommonSDOHAssessments,US Core Common SDOH Assessments ValueSet,"Common SDOH assessment concepts covering the following categories (Gravity Project SDOH Domains):  - Food (Food Insecurity)  - Housing (Housing Instability)  - Health (Social Connection, Stress)  - Employment (Employment Status)  - Care (SDOH Category Unspecified)  - Transit (Transportation Insecurity)  - Money (Financial Insecurity)  - Goods (Material Hardship)  - Education (SDOH Category Unspecified)  - Legal (SDOH Category Unspecified)",,"LOINC"
http://hl7.org/fhir/us/core/ValueSet/uscore-pa-codes,0.0.0,draft,,USCorePaCodesValueSet,US Core PA Codes ValueSet,"A starter set of Physical Activity codes based off the [Physical activity IG](https://hl7.org/fhir/us/physical-activity/)",,"LOINC"
http://hl7.org/fhir/us/core/ValueSet/uscore-treatment-intervention-preference,0.0.0,draft,,USCoreTreatmentInterventionPreferencValueSet,US Core Treatment Intervention Preference ValueSet,"A code representing an individual's medical intervention (treatment) preferences.",,"Internal"
http://www.fhir.org/guides/uscdi4-sandbox/ValueSet/uscore-care-experience-preference,0.0.0,draft,,USCoreCareExperiencePreference,US Core Care Experience Preference Codes,"A code representing an individual's care experience preferences.",,"LOINC"
http://www.fhir.org/guides/uscdi4-sandbox/ValueSet/uscore-medicationstatement-status,0.0.0,draft,,USCoreMedicationstatementStatus,US Core Medication Status Codes,"A code specifying the state of the statement.  Generally, this will be active or completed state.  This value set excludes the concept used internally by the FHIR specification, not-taken,on-hold,stopped, and unknown, because they are covered by the medication adherence extension.",,"hl7.fhir.r4.core"
