{
  "resourceType" : "Bundle",
  "id" : "2bcff74b-f2f9-4a63-9f33-628a82413bdf",
  "meta" : {
    "lastUpdated" : "2023-08-31T05:38:19.833+00:00"
  },
  "type" : "collection",
  "entry" : [{
    "fullUrl" : "http://www.fhir.org/guides/uscdi4-sandbox/ValueSet/uscore-medicationstatement-status",
    "resource" : {
      "resourceType" : "ValueSet",
      "text" : {
        "status" : "generated",
        "div" : "<div xmlns=\"http://www.w3.org/1999/xhtml\"><p>This value set contains 4 concepts</p><p style=\"border: black 1px dotted; background-color: #EEEEEE; padding: 8px; margin-bottom: 8px\">Expansion based on <a href=\"http://hl7.org/fhir/R4/codesystem-medication-statement-status.html\">codesystem Medication  status  codes v4.0.1 (CodeSystem)</a></p><table class=\"codes\"><tr><td style=\"white-space:nowrap\"><b>Code</b></td><td><b>System</b></td><td><b>Display</b></td><td><b>Definition</b></td></tr><tr><td style=\"white-space:nowrap\"><a name=\"http---hl7.org-fhir-CodeSystem-medication-statement-status-active\"> </a>\u00a0\u00a0<a href=\"http://hl7.org/fhir/R4/codesystem-medication-statement-status.html#medication-statement-status-active\">active</a></td><td>http://hl7.org/fhir/CodeSystem/medication-statement-status</td><td>Active</td><td><div><p>The medication is still being taken.</p>\n</div></td></tr><tr><td style=\"white-space:nowrap\"><a name=\"http---hl7.org-fhir-CodeSystem-medication-statement-status-completed\"> </a>\u00a0\u00a0<a href=\"http://hl7.org/fhir/R4/codesystem-medication-statement-status.html#medication-statement-status-completed\">completed</a></td><td>http://hl7.org/fhir/CodeSystem/medication-statement-status</td><td>Completed</td><td><div><p>The medication is no longer being taken.</p>\n</div></td></tr><tr><td style=\"white-space:nowrap\"><a name=\"http---hl7.org-fhir-CodeSystem-medication-statement-status-entered-in-error\"> </a>\u00a0\u00a0<a href=\"http://hl7.org/fhir/R4/codesystem-medication-statement-status.html#medication-statement-status-entered-in-error\">entered-in-error</a></td><td>http://hl7.org/fhir/CodeSystem/medication-statement-status</td><td>Entered in Error</td><td><div><p>Some of the actions that are implied by the medication statement may have occurred.  For example, the patient may have taken some of the medication.  Clinical decision support systems should take this status into account.</p>\n</div></td></tr><tr><td style=\"white-space:nowrap\"><a name=\"http---hl7.org-fhir-CodeSystem-medication-statement-status-intended\"> </a>\u00a0\u00a0<a href=\"http://hl7.org/fhir/R4/codesystem-medication-statement-status.html#medication-statement-status-intended\">intended</a></td><td>http://hl7.org/fhir/CodeSystem/medication-statement-status</td><td>Intended</td><td><div><p>The medication may be taken at some time in the future.</p>\n</div></td></tr></table></div>"
      },
      "url" : "http://www.fhir.org/guides/uscdi4-sandbox/ValueSet/uscore-medicationstatement-status",
      "version" : "0.0.0",
      "name" : "USCoreMedicationstatementStatus",
      "title" : "US Core Medication Status Codes",
      "status" : "draft",
      "experimental" : false,
      "date" : "2023-08-15",
      "jurisdiction" : [{
        "coding" : [{
          "system" : "urn:iso:std:iso:3166",
          "code" : "US"
        }]
      }],
      "expansion" : {
        "identifier" : "urn:uuid:581c5685-30d1-4673-9895-689a54f67016",
        "timestamp" : "2023-08-31T05:39:52+00:00",
        "total" : 4,
        "parameter" : [{
          "name" : "excludeNested",
          "valueBoolean" : false
        },
        {
          "name" : "used-codesystem",
          "valueUri" : "http://hl7.org/fhir/CodeSystem/medication-statement-status|4.0.1"
        }],
        "contains" : [{
          "system" : "http://hl7.org/fhir/CodeSystem/medication-statement-status",
          "code" : "active",
          "display" : "Active"
        },
        {
          "system" : "http://hl7.org/fhir/CodeSystem/medication-statement-status",
          "code" : "completed",
          "display" : "Completed"
        },
        {
          "system" : "http://hl7.org/fhir/CodeSystem/medication-statement-status",
          "code" : "entered-in-error",
          "display" : "Entered in Error"
        },
        {
          "system" : "http://hl7.org/fhir/CodeSystem/medication-statement-status",
          "code" : "intended",
          "display" : "Intended"
        }]
      }
    }
  },
  {
    "fullUrl" : "http://www.fhir.org/guides/uscdi4-sandbox/ValueSet/uscore-treatment-intervention-preference",
    "resource" : {
      "resourceType" : "ValueSet",
      "text" : {
        "status" : "generated",
        "div" : "<div xmlns=\"http://www.w3.org/1999/xhtml\"><p>This value set contains 1 concepts</p><p style=\"border: black 1px dotted; background-color: #EEEEEE; padding: 8px; margin-bottom: 8px\">Expansion based on <a href=\"CodeSystem-uscore-treatment-intervention-preference.html\">codesystem US Core Treatment Intervention Preference CodeSystem v0.0.0 (CodeSystem)</a></p><table class=\"codes\"><tr><td style=\"white-space:nowrap\"><b>Code</b></td><td><b>System</b></td><td><b>Display</b></td><td><b>Definition</b></td></tr><tr><td style=\"white-space:nowrap\"><a name=\"http---www.fhir.org-guides-uscdi4-sandbox-CodeSystem-uscore-treatment-intervention-preference-intervention-preference\"> </a>\u00a0\u00a0<a href=\"CodeSystem-uscore-treatment-intervention-preference.html#uscore-treatment-intervention-preference-intervention-preference\">intervention-preference</a></td><td>http://www.fhir.org/guides/uscdi4-sandbox/CodeSystem/uscore-treatment-intervention-preference</td><td>Intervention Preference</td><td><div><p>A personal preference for a type of medical intervention (treatment) request under certain conditions.</p>\n</div></td></tr></table></div>"
      },
      "url" : "http://www.fhir.org/guides/uscdi4-sandbox/ValueSet/uscore-treatment-intervention-preference",
      "version" : "0.0.0",
      "name" : "USCoreTreatmentInterventionPreferencValueSet",
      "title" : "US Core Treatment Intervention Preference ValueSet",
      "status" : "draft",
      "experimental" : false,
      "date" : "2023-08-15",
      "jurisdiction" : [{
        "coding" : [{
          "system" : "urn:iso:std:iso:3166",
          "code" : "US"
        }]
      }],
      "expansion" : {
        "identifier" : "urn:uuid:03fbb13e-8c65-4e25-9bbf-c1b1c37dcabd",
        "timestamp" : "2023-08-31T05:39:55+00:00",
        "total" : 1,
        "parameter" : [{
          "name" : "excludeNested",
          "valueBoolean" : false
        },
        {
          "name" : "used-codesystem",
          "valueUri" : "http://www.fhir.org/guides/uscdi4-sandbox/CodeSystem/uscore-treatment-intervention-preference|0.0.0"
        }],
        "contains" : [{
          "system" : "http://www.fhir.org/guides/uscdi4-sandbox/CodeSystem/uscore-treatment-intervention-preference",
          "code" : "intervention-preference",
          "display" : "Intervention Preference"
        }]
      }
    }
  },
  {
    "fullUrl" : "http://www.fhir.org/guides/uscdi4-sandbox/ValueSet/uscore-care-experience-preference",
    "resource" : {
      "resourceType" : "ValueSet",
      "text" : {
        "status" : "generated",
        "div" : "<div xmlns=\"http://www.w3.org/1999/xhtml\"><p>This value set contains 1 concepts</p><div style=\"border: black 1px dotted; background-color: #EEEEEE; padding: 8px; margin-bottom: 8px\"><p>Expansion based on: </p><ul><li>Loinc v2.74</li><li>Loinc v2.74</li></ul></div><table class=\"codes\"><tr><td style=\"white-space:nowrap\"><b>Code</b></td><td><b>System</b></td><td><b>Display</b></td></tr><tr><td style=\"white-space:nowrap\"><a name=\"http---loinc.org-95541-9\"> </a>\u00a0\u00a0<a href=\"https://loinc.org/95541-9/\">95541-9</a></td><td>http://loinc.org</td><td>Care experience preference</td></tr></table></div>"
      },
      "url" : "http://www.fhir.org/guides/uscdi4-sandbox/ValueSet/uscore-care-experience-preference",
      "version" : "0.0.0",
      "name" : "USCoreCareExperiencePreference",
      "title" : "US Core Care Experience Preference Codes",
      "status" : "draft",
      "experimental" : false,
      "date" : "2023-08-15",
      "jurisdiction" : [{
        "coding" : [{
          "system" : "urn:iso:std:iso:3166",
          "code" : "US"
        }]
      }],
      "expansion" : {
        "identifier" : "urn:uuid:0e09a415-bf5d-4a74-848d-2fbc199f4bf9",
        "timestamp" : "2023-08-31T05:39:55+00:00",
        "total" : 1,
        "parameter" : [{
          "name" : "excludeNested",
          "valueBoolean" : false
        },
        {
          "name" : "used-valueset",
          "valueUri" : "null"
        },
        {
          "name" : "limitedExpansion",
          "valueBoolean" : true
        },
        {
          "name" : "used-codesystem",
          "valueUri" : "http://loinc.org|2.74"
        },
        {
          "name" : "version",
          "valueUri" : "http://loinc.org|2.74"
        }],
        "contains" : [{
          "system" : "http://loinc.org",
          "code" : "95541-9",
          "display" : "Care experience preference"
        }]
      }
    }
  }]
}