<?xml version="1.0" encoding="UTF-8"?>

<MedicationStatement xmlns="http://hl7.org/fhir">
  <id value="coded-oral-axid-with-compliance"/>
  <meta>
    <extension url="http://hl7.org/fhir/StructureDefinition/instance-name">
      <valueString value="MedicationStatement Coded Oral Axid with Adherence Extension Example"/>
    </extension>
    <extension url="http://hl7.org/fhir/StructureDefinition/instance-description">
      <valueMarkdown value="This example demonstrates medication adherence for a prescribed medication example using an R% elment extension on the MedicationStatement. The extension value uses MedicationStatement Adherence Codes."/>
    </extension>
    <profile value="http://www.fhir.org/guides/uscdi4-sandbox/StructureDefinition/us-core-medicationstatement"/>
  </meta>
  <text>
    <status value="extensions"/><div xmlns="http://www.w3.org/1999/xhtml"><p><b>Generated Narrative: MedicationStatement</b><a name="coded-oral-axid-with-compliance"> </a></p><div style="display: inline-block; background-color: #d9e0e7; padding: 6px; margin: 4px; border: 1px solid #8da1b4; border-radius: 5px; line-height: 60%"><p style="margin-bottom: 0px">Resource MedicationStatement &quot;coded-oral-axid-with-compliance&quot; </p><p style="margin-bottom: 0px">Profile: <a href="StructureDefinition-us-core-medicationstatement.html">US Core MedicationStatement</a></p></div><blockquote><p><b>Extension Definition for MedicationUsage.adherence for Version 5.0</b></p><blockquote><p><b>url</b></p><a href="http://hl7.org/fhir/R4/datatypes.html#code">code</a></blockquote><p><b>value</b>: Taking Not As Directed <span style="background: LightGoldenRodYellow; margin: 4px; border: 1px solid khaki"> (medication-statement-adherence#taking-not-as-directed)</span></p></blockquote><p><b>status</b>: active</p><p><b>medication</b>: Nizatidine 15 MG/ML Oral Solution <span style="background: LightGoldenRodYellow; margin: 4px; border: 1px solid khaki"> (<a href="http://terminology.hl7.org/5.0.0/CodeSystem-v3-rxNorm.html">RxNorm</a>#476872)</span></p><p><b>subject</b>: <a href="http://www.hl7.org/fhir/us/core/Patient/example">http://www.hl7.org/fhir/us/core/Patient/example: Amy Shaw</a></p><p><b>effective</b>: 2008-04-05</p><p><b>informationSource</b>: <a href="http://www.hl7.org/fhir/us/core/Patient/example">http://www.hl7.org/fhir/us/core/Patient/example: Amy Shaw</a></p><p><b>reasonCode</b>: Active Duodenal Ulcer <span style="background: LightGoldenRodYellow; margin: 4px; border: 1px solid khaki"> (<a href="https://browser.ihtsdotools.org/">SNOMED CT[US]</a>#51868009 &quot;Ulcer of duodenum (disorder)&quot;)</span></p><blockquote><p><b>dosage</b></p><p><b>text</b>: 10 mL bid</p><p><b>timing</b>: Starting 2008-04-05, 2 per 1 days</p><blockquote><p><b>doseAndRate</b></p></blockquote></blockquote></div>
  </text>
  <extension url="http://hl7.org/fhir/5.0/StructureDefinition/extension-MedicationUsage.adherence">
    <extension url="code">
      <valueCodeableConcept>
        <coding>
          <system value="http://hl7.org/fhir/CodeSystem/medication-statement-adherence"/>
          <code value="taking-not-as-directed"/>
          <display value="Taking Not As Directed"/>
        </coding>
      </valueCodeableConcept>
    </extension>
  </extension>
  <status value="active"/>
  <medicationCodeableConcept>
    <coding>
      <system value="http://www.nlm.nih.gov/research/umls/rxnorm"/>
      <code value="476872"/>
      <display value="Nizatidine 15 MG/ML Oral Solution"/>
    </coding>
    <text value="Nizatidine 15 MG/ML Oral Solution"/>
  </medicationCodeableConcept>
  <subject>
    <reference value="http://www.hl7.org/fhir/us/core/Patient/example"/>
    <display value="Amy Shaw"/>
  </subject>
  <effectiveDateTime value="2008-04-05"/>
  <informationSource>
    <reference value="http://www.hl7.org/fhir/us/core/Patient/example"/>
    <display value="Amy Shaw"/>
  </informationSource>
  <reasonCode>
    <coding>
      <system value="http://snomed.info/sct"/>
      <version value="http://snomed.info/sct/731000124108"/>
      <code value="51868009"/>
      <display value="Ulcer of duodenum (disorder)"/>
    </coding>
    <text value="Active Duodenal Ulcer"/>
  </reasonCode>
  <dosage>
    <text value="10 mL bid"/>
    <timing>
      <repeat>
        <boundsPeriod>
          <start value="2008-04-05"/>
        </boundsPeriod>
        <frequency value="2"/>
        <period value="1"/>
        <periodUnit value="d"/>
      </repeat>
    </timing>
    <doseAndRate>
      <doseQuantity>
        <value value="10"/>
        <unit value="ml"/>
        <system value="http://unitsofmeasure.org"/>
        <code value="mL"/>
      </doseQuantity>
    </doseAndRate>
  </dosage>
</MedicationStatement>