<?xml version="1.0" encoding="UTF-8"?>

<Observation xmlns="http://hl7.org/fhir">
  <id value="serum-glucose"/>
  <meta>
    <extension url="http://hl7.org/fhir/StructureDefinition/instance-name">
      <valueString value="Serum Glucose Example"/>
    </extension>
    <extension url="http://hl7.org/fhir/StructureDefinition/instance-description">
      <valueMarkdown value="This is a serum glucose example for the *US Core Observation Lab Profile*."/>
    </extension>
    <versionId value="1165"/>
    <profile value="http://www.fhir.org/guides/uscdi4-sandbox/StructureDefinition/us-core-observation-lab"/>
  </meta>
  <text>
    <status value="generated"/><div xmlns="http://www.w3.org/1999/xhtml"><p><b>Generated Narrative: Observation</b><a name="serum-glucose"> </a></p><div style="display: inline-block; background-color: #d9e0e7; padding: 6px; margin: 4px; border: 1px solid #8da1b4; border-radius: 5px; line-height: 60%"><p style="margin-bottom: 0px">Resource Observation &quot;serum-glucose&quot; Version &quot;1165&quot; </p><p style="margin-bottom: 0px">Profile: <code>http://www.fhir.org/guides/uscdi4-sandbox/StructureDefinition/us-core-observation-lab</code></p></div><p><b>status</b>: final</p><p><b>category</b>: Laboratory <span style="background: LightGoldenRodYellow; margin: 4px; border: 1px solid khaki"> (<a href="http://terminology.hl7.org/5.0.0/CodeSystem-observation-category.html">Observation Category Codes</a>#laboratory)</span></p><p><b>code</b>: Glucose SerPl-mCnc <span style="background: LightGoldenRodYellow; margin: 4px; border: 1px solid khaki"> (<a href="https://loinc.org/">LOINC</a>#2345-7)</span></p><p><b>subject</b>: <a href="http://www.hl7.org/fhir/us/core/Patient/example">http://www.hl7.org/fhir/us/core/Patient/example: Amy Shaw</a></p><p><b>effective</b>: 2023-08-04</p><p><b>value</b>: 76.0 mg/dL</p><p><b>interpretation</b>: Normal <span style="background: LightGoldenRodYellow; margin: 4px; border: 1px solid khaki"> (<a href="http://terminology.hl7.org/5.0.0/CodeSystem-v3-ObservationInterpretation.html">ObservationInterpretation</a>#N)</span></p><p><b>specimen</b>: <a href="Specimen-example-serum-hemolyzed.html">Specimen/example-serum-hemolyzed: Serum specimen</a></p><h3>ReferenceRanges</h3><table class="grid"><tr><td style="display: none">-</td><td><b>Low</b></td><td><b>High</b></td><td><b>Type</b></td></tr><tr><td style="display: none">*</td><td>40.0 mg/dL<span style="background: LightGoldenRodYellow"> (Details: UCUM code mg/dL = 'mg/dL')</span></td><td>109.0 mg/dL<span style="background: LightGoldenRodYellow"> (Details: UCUM code mg/dL = 'mg/dL')</span></td><td>Normal Range <span style="background: LightGoldenRodYellow; margin: 4px; border: 1px solid khaki"> (<a href="http://terminology.hl7.org/5.0.0/CodeSystem-referencerange-meaning.html">Observation Reference Range Meaning Codes</a>#normal)</span></td></tr></table></div>
  </text>
  <status value="final"/>
  <category>
    <coding>
      <system value="http://terminology.hl7.org/CodeSystem/observation-category"/>
      <code value="laboratory"/>
      <display value="Laboratory"/>
    </coding>
    <text value="Laboratory"/>
  </category>
  <code>
    <coding>
      <system value="http://loinc.org"/>
      <code value="2345-7"/>
      <display value="Glucose SerPl-mCnc"/>
    </coding>
    <text value="Glucose SerPl-mCnc"/>
  </code>
  <subject>
    <reference value="http://www.hl7.org/fhir/us/core/Patient/example"/>
    <display value="Amy Shaw"/>
  </subject>
  <effectiveDateTime value="2023-08-04"/>
  <valueQuantity>
    <value value="76.0"/>
    <unit value="mg/dL"/>
    <system value="http://unitsofmeasure.org"/>
  </valueQuantity>
  <interpretation>
    <coding>
      <system value="http://terminology.hl7.org/CodeSystem/v3-ObservationInterpretation"/>
      <code value="N"/>
      <display value="Normal"/>
    </coding>
    <text value="Normal"/>
  </interpretation>
  <specimen>
    <reference value="Specimen/example-serum-hemolyzed"/>
    <display value="Serum specimen"/>
  </specimen>
  <referenceRange>
    <low>
      <value value="40.0"/>
      <unit value="mg/dL"/>
      <system value="http://unitsofmeasure.org"/>
      <code value="mg/dL"/>
    </low>
    <high>
      <value value="109.0"/>
      <unit value="mg/dL"/>
      <system value="http://unitsofmeasure.org"/>
      <code value="mg/dL"/>
    </high>
    <type>
      <coding>
        <system value="http://terminology.hl7.org/CodeSystem/referencerange-meaning"/>
        <code value="normal"/>
        <display value="Normal Range"/>
      </coding>
      <text value="Normal Range"/>
    </type>
  </referenceRange>
</Observation>