<?xml version="1.0" encoding="UTF-8"?>

<Observation xmlns="http://hl7.org/fhir">
  <id value="EVS-panel-example-89574-8"/>
  <meta>
    <extension url="http://hl7.org/fhir/StructureDefinition/instance-name">
      <valueString value="Evs Panel Example 89574-8"/>
    </extension>
    <extension url="http://hl7.org/fhir/StructureDefinition/instance-description">
      <valueMarkdown value="This is a Evs Panel Example 89574-8 (Exercise Vital Sign (EVS)) for the *US Core Observation Screening Assessment Profile*"/>
    </extension>
    <profile value="http://hl7.org/fhir/us/core/StructureDefinition/us-core-observation-screening-assessment"/>
  </meta>
  <text>
    <status value="generated"/><div xmlns="http://www.w3.org/1999/xhtml"><p><b>Generated Narrative: Observation</b><a name="EVS-panel-example-89574-8"> </a></p><div style="display: inline-block; background-color: #d9e0e7; padding: 6px; margin: 4px; border: 1px solid #8da1b4; border-radius: 5px; line-height: 60%"><p style="margin-bottom: 0px">Resource Observation &quot;EVS-panel-example-89574-8&quot; </p><p style="margin-bottom: 0px">Profile: <a href="http://hl7.org/fhir/us/core/STU6.1/StructureDefinition-us-core-observation-screening-assessment.html">US Core Observation Screening Assessment Profile</a></p></div><p><b>status</b>: final</p><p><b>category</b>: Survey <span style="background: LightGoldenRodYellow; margin: 4px; border: 1px solid khaki"> (<a href="http://terminology.hl7.org/5.0.0/CodeSystem-observation-category.html">Observation Category Codes</a>#survey)</span></p><p><b>code</b>: Exercise Vital Sign (EVS) <span style="background: LightGoldenRodYellow; margin: 4px; border: 1px solid khaki"> (<a href="https://loinc.org/">LOINC</a>#89574-8)</span></p><p><b>subject</b>: <a href="http://www.hl7.org/fhir/us/core/Patient/example">http://www.hl7.org/fhir/us/core/Patient/example</a></p><p><b>effective</b>: 2023-08-04 03:52:52+0000</p><p><b>performer</b>: <a href="https://www.hl7.org/fhir/us/core/Practitioner/practitioner-1">https://www.hl7.org/fhir/us/core/Practitioner/practitioner-1</a></p><p><b>hasMember</b>: </p><ul><li><a href="Observation-EVS-item-example-89555-7.html">Observation/EVS-item-example-89555-7</a></li><li><a href="Observation-EVS-item-example-68516-4.html">Observation/EVS-item-example-68516-4</a></li></ul><p><b>derivedFrom</b>: <a href="QuestionnaireResponse-exercise-vital-sign.html">QuestionnaireResponse/exercise-vital-sign: Exercise Vital Sign QuestionnaireResponse Example</a></p></div>
  </text>
  <status value="final"/>
  <category>
    <coding>
      <system value="http://terminology.hl7.org/CodeSystem/observation-category"/>
      <code value="survey"/>
      <display value="Survey"/>
    </coding>
  </category>
  <code>
    <coding>
      <system value="http://loinc.org"/>
      <code value="89574-8"/>
      <display value="Exercise Vital Sign (EVS)"/>
    </coding>
    <text value="Exercise Vital Sign (EVS)"/>
  </code>
  <subject>
    <reference value="http://www.hl7.org/fhir/us/core/Patient/example"/>
  </subject>
  <effectiveDateTime value="2023-08-04T03:52:52.685000+00:00"/>
  <performer>
    <reference value="https://www.hl7.org/fhir/us/core/Practitioner/practitioner-1"/>
  </performer>
  <hasMember>
    <reference value="Observation/EVS-item-example-89555-7"/>
  </hasMember>
  <hasMember>
    <reference value="Observation/EVS-item-example-68516-4"/>
  </hasMember>
  <derivedFrom>
    <reference value="QuestionnaireResponse/exercise-vital-sign"/>
    <display value="Exercise Vital Sign QuestionnaireResponse Example"/>
  </derivedFrom>
</Observation>