<?xml version="1.0" encoding="UTF-8"?>

<Observation xmlns="http://hl7.org/fhir">
  <id value="AUDIT-C-item-example-75626-2"/>
  <meta>
    <extension url="http://hl7.org/fhir/StructureDefinition/instance-name">
      <valueString value="Audit-C Item Example 75626-2"/>
    </extension>
    <extension url="http://hl7.org/fhir/StructureDefinition/instance-description">
      <valueMarkdown value="This is a Audit-C Item Example 75626-2 (Total score [AUDIT-C]) for the *US Core Observation Screening Assessment Profile*"/>
    </extension>
    <profile value="http://hl7.org/fhir/us/core/StructureDefinition/us-core-observation-screening-assessment"/>
  </meta>
  <text>
    <status value="generated"/><div xmlns="http://www.w3.org/1999/xhtml"><p><b>Generated Narrative: Observation</b><a name="AUDIT-C-item-example-75626-2"> </a></p><div style="display: inline-block; background-color: #d9e0e7; padding: 6px; margin: 4px; border: 1px solid #8da1b4; border-radius: 5px; line-height: 60%"><p style="margin-bottom: 0px">Resource Observation &quot;AUDIT-C-item-example-75626-2&quot; </p><p style="margin-bottom: 0px">Profile: <a href="http://hl7.org/fhir/us/core/STU6.1/StructureDefinition-us-core-observation-screening-assessment.html">US Core Observation Screening Assessment Profile</a></p></div><p><b>status</b>: final</p><p><b>category</b>: Survey <span style="background: LightGoldenRodYellow; margin: 4px; border: 1px solid khaki"> (<a href="http://terminology.hl7.org/5.0.0/CodeSystem-observation-category.html">Observation Category Codes</a>#survey)</span></p><p><b>code</b>: Total score [AUDIT-C] <span style="background: LightGoldenRodYellow; margin: 4px; border: 1px solid khaki"> (<a href="https://loinc.org/">LOINC</a>#75626-2)</span></p><p><b>subject</b>: <a href="http://www.hl7.org/fhir/us/core/Patient/example">http://www.hl7.org/fhir/us/core/Patient/example</a></p><p><b>effective</b>: 2023-08-14 20:40:49+0000</p><p><b>performer</b>: <a href="https://www.hl7.org/fhir/us/core/Practitioner/practitioner-1">https://www.hl7.org/fhir/us/core/Practitioner/practitioner-1</a></p><p><b>value</b>: 0.0 score</p><p><b>note</b>: The Alcohol Use Disorders Identification Test C (AUDIT-C) is scored on a scale of 0-12 where the higher the score, the more likely the patient's drinking is hazardous. A score of 4 or more for men and 3 or more for women is considered positive for hazardous drinking or active alcohol use disorders. If the points are all from Question 1 alone where 2 and 3 are 0, it is likely the patient is drinking below recommended limits. The care provider may review the patients alcohol intake over that past few months to confirm accuracy. [PMID: 12695273]</p><p><b>derivedFrom</b>: <a href="QuestionnaireResponse-AUDIT-C.html">QuestionnaireResponse/AUDIT-C: Alcohol Use Disorder Identification Test - Consumption [AUDIT-C] QuestionnaireResponse Example</a></p></div>
  </text>
  <status value="final"/>
  <category>
    <coding>
      <system value="http://terminology.hl7.org/CodeSystem/observation-category"/>
      <code value="survey"/>
      <display value="Survey"/>
    </coding>
  </category>
  <code>
    <coding>
      <system value="http://loinc.org"/>
      <code value="75626-2"/>
      <display value="Total score [AUDIT-C]"/>
    </coding>
    <text value="Total score [AUDIT-C]"/>
  </code>
  <subject>
    <reference value="http://www.hl7.org/fhir/us/core/Patient/example"/>
  </subject>
  <effectiveDateTime value="2023-08-14T20:40:49.675000+00:00"/>
  <performer>
    <reference value="https://www.hl7.org/fhir/us/core/Practitioner/practitioner-1"/>
  </performer>
  <valueQuantity>
    <value value="0.0"/>
    <unit value="score"/>
  </valueQuantity>
  <note>
    <text value="The Alcohol Use Disorders Identification Test C (AUDIT-C) is scored on a scale of 0-12 where the higher the score, the more likely the patient's drinking is hazardous. A score of 4 or more for men and 3 or more for women is considered positive for hazardous drinking or active alcohol use disorders. If the points are all from Question 1 alone where 2 and 3 are 0, it is likely the patient is drinking below recommended limits. The care provider may review the patients alcohol intake over that past few months to confirm accuracy. [PMID: 12695273]"/>
  </note>
  <derivedFrom>
    <reference value="QuestionnaireResponse/AUDIT-C"/>
    <display value="Alcohol Use Disorder Identification Test - Consumption [AUDIT-C] QuestionnaireResponse Example"/>
  </derivedFrom>
</Observation>