<?xml version="1.0" encoding="UTF-8"?>

<Observation xmlns="http://hl7.org/fhir">
  <id value="AUDIT-C-item-example-68517-2"/>
  <meta>
    <extension url="http://hl7.org/fhir/StructureDefinition/instance-name">
      <valueString value="Audit-C Item Example 68517-2"/>
    </extension>
    <extension url="http://hl7.org/fhir/StructureDefinition/instance-description">
      <valueMarkdown value="This is a Audit-C Item Example 68517-2 (How many times in the past year have you have X or more drinks in a day?) for the *US Core Observation Screening Assessment Profile*"/>
    </extension>
    <profile value="http://hl7.org/fhir/us/core/StructureDefinition/us-core-observation-screening-assessment"/>
  </meta>
  <text>
    <status value="generated"/><div xmlns="http://www.w3.org/1999/xhtml"><p><b>Generated Narrative: Observation</b><a name="AUDIT-C-item-example-68517-2"> </a></p><div style="display: inline-block; background-color: #d9e0e7; padding: 6px; margin: 4px; border: 1px solid #8da1b4; border-radius: 5px; line-height: 60%"><p style="margin-bottom: 0px">Resource Observation &quot;AUDIT-C-item-example-68517-2&quot; </p><p style="margin-bottom: 0px">Profile: <a href="http://hl7.org/fhir/us/core/STU6.1/StructureDefinition-us-core-observation-screening-assessment.html">US Core Observation Screening Assessment Profile</a></p></div><p><b>status</b>: final</p><p><b>category</b>: Survey <span style="background: LightGoldenRodYellow; margin: 4px; border: 1px solid khaki"> (<a href="http://terminology.hl7.org/5.0.0/CodeSystem-observation-category.html">Observation Category Codes</a>#survey)</span></p><p><b>code</b>: How many times in the past year have you have X or more drinks in a day? <span style="background: LightGoldenRodYellow; margin: 4px; border: 1px solid khaki"> (<a href="https://loinc.org/">LOINC</a>#68517-2)</span></p><p><b>subject</b>: <a href="http://www.hl7.org/fhir/us/core/Patient/example">http://www.hl7.org/fhir/us/core/Patient/example</a></p><p><b>effective</b>: 2023-08-14 20:40:49+0000</p><p><b>performer</b>: <a href="https://www.hl7.org/fhir/us/core/Practitioner/practitioner-1">https://www.hl7.org/fhir/us/core/Practitioner/practitioner-1</a></p><p><b>value</b>: 0.0 # per year</p><p><b>note</b>: Where X is 5 for men and 4 for women, and a response of  greater than, or equal to, 1 is positive.</p><p><b>derivedFrom</b>: <a href="QuestionnaireResponse-AUDIT-C.html">QuestionnaireResponse/AUDIT-C: Alcohol Use Disorder Identification Test - Consumption [AUDIT-C] QuestionnaireResponse Example</a></p></div>
  </text>
  <status value="final"/>
  <category>
    <coding>
      <system value="http://terminology.hl7.org/CodeSystem/observation-category"/>
      <code value="survey"/>
      <display value="Survey"/>
    </coding>
  </category>
  <code>
    <coding>
      <system value="http://loinc.org"/>
      <code value="68517-2"/>
      <display value="How many times in the past year have you have X or more drinks in a day?"/>
    </coding>
    <text value="How many times in the past year have you have X or more drinks in a day?"/>
  </code>
  <subject>
    <reference value="http://www.hl7.org/fhir/us/core/Patient/example"/>
  </subject>
  <effectiveDateTime value="2023-08-14T20:40:49.675000+00:00"/>
  <performer>
    <reference value="https://www.hl7.org/fhir/us/core/Practitioner/practitioner-1"/>
  </performer>
  <valueQuantity>
    <value value="0.0"/>
    <unit value="# per year"/>
  </valueQuantity>
  <note>
    <text value="Where X is 5 for men and 4 for women, and a response of  greater than, or equal to, 1 is positive."/>
  </note>
  <derivedFrom>
    <reference value="QuestionnaireResponse/AUDIT-C"/>
    <display value="Alcohol Use Disorder Identification Test - Consumption [AUDIT-C] QuestionnaireResponse Example"/>
  </derivedFrom>
</Observation>