<?xml version="1.0" encoding="UTF-8"?>

<Specimen xmlns="http://hl7.org/fhir">
  <id value="example-serum-hemolyzed"/>
  <meta>
    <extension url="http://hl7.org/fhir/StructureDefinition/instance-name">
      <valueString value="Hemolyzed Serum Specimen Example"/>
    </extension>
    <extension url="http://hl7.org/fhir/StructureDefinition/instance-description">
      <valueMarkdown value="This is a serum specimen example for the *US Core Specimen Profile*. It demonstrates the use of the USCDI requirements for specimen condition and body source site."/>
    </extension>
    <profile value="http://hl7.org/fhir/us/core/StructureDefinition/us-core-specimen"/>
  </meta>
  <text>
    <status value="generated"/><div xmlns="http://www.w3.org/1999/xhtml"><p><b>Generated Narrative: Specimen</b><a name="example-serum-hemolyzed"> </a></p><div style="display: inline-block; background-color: #d9e0e7; padding: 6px; margin: 4px; border: 1px solid #8da1b4; border-radius: 5px; line-height: 60%"><p style="margin-bottom: 0px">Resource Specimen &quot;example-serum-hemolyzed&quot; </p><p style="margin-bottom: 0px">Profile: <a href="http://hl7.org/fhir/us/core/STU6.1/StructureDefinition-us-core-specimen.html">US Core Specimen Profile</a></p></div><p><b>identifier</b>: id: 20220927-00124</p><p><b>accessionIdentifier</b>: id: 20220927-00124</p><p><b>type</b>: Serum sample <span style="background: LightGoldenRodYellow; margin: 4px; border: 1px solid khaki"> (<a href="https://browser.ihtsdotools.org/">SNOMED CT[US]</a>#119364003; <a href="http://terminology.hl7.org/5.0.0/CodeSystem-v2-0487.html">specimenType</a>#SER &quot;Serum&quot;)</span></p><p><b>subject</b>: <a href="Patient-example.html">Patient/example</a></p><h3>Collections</h3><table class="grid"><tr><td style="display: none">-</td><td><b>Collected[x]</b></td><td><b>BodySite</b></td></tr><tr><td style="display: none">*</td><td>2022-09-27 18:07:12+0000</td><td>Right arm <span style="background: LightGoldenRodYellow; margin: 4px; border: 1px solid khaki"> (<a href="https://browser.ihtsdotools.org/">SNOMED CT[US]</a>#368209003)</span></td></tr></table><h3>Containers</h3><table class="grid"><tr><td style="display: none">-</td><td><b>Type</b></td></tr><tr><td style="display: none">*</td><td>Serum Separator Tube <span style="background: LightGoldenRodYellow; margin: 4px; border: 1px solid khaki"> ()</span></td></tr></table><p><b>condition</b>: Hemolyzed <span style="background: LightGoldenRodYellow; margin: 4px; border: 1px solid khaki"> (<a href="http://terminology.hl7.org/5.0.0/CodeSystem-v2-0493.html">specimenCondition</a>#HEM)</span></p></div>
  </text>
  <identifier>
    <system value="http://acme.com/labs/accession-ids"/>
    <value value="20220927-00124"/>
  </identifier>
  <accessionIdentifier>
    <system value="http://acme.com/labs/accession-ids"/>
    <value value="20220927-00124"/>
  </accessionIdentifier>
  <type>
    <coding>
      <system value="http://snomed.info/sct"/>
      <version value="http://snomed.info/sct/731000124108"/>
      <code value="119364003"/>
      <display value="Serum sample"/>
    </coding>
    <coding>
      <system value="http://terminology.hl7.org/CodeSystem/v2-0487"/>
      <code value="SER"/>
      <display value="Serum"/>
    </coding>
  </type>
  <subject>
    <reference value="Patient/example"/>
  </subject>
  <collection>
    <collectedDateTime value="2022-09-27T18:07:12Z"/>
    <bodySite>
      <coding>
        <system value="http://snomed.info/sct"/>
        <version value="http://snomed.info/sct/731000124108"/>
        <code value="368209003"/>
        <display value="Right arm"/>
      </coding>
      <text value="Right arm"/>
    </bodySite>
  </collection>
  <container>
    <type>
      <text value="Serum Separator Tube"/>
    </type>
  </container>
  <condition>
    <coding>
      <system value="http://terminology.hl7.org/CodeSystem/v2-0493"/>
      <code value="HEM"/>
      <display value="Hemolyzed"/>
    </coding>
    <text value="Hemolyzed"/>
  </condition>
</Specimen>