<?xml version="1.0" encoding="UTF-8"?>

<ValueSet xmlns="http://hl7.org/fhir">
  <id value="uscore-medicationstatement-status"/>
  <text>
    <status value="extensions"/><div xmlns="http://www.w3.org/1999/xhtml">Placeholder</div>
  </text>
  <extension url="http://hl7.org/fhir/StructureDefinition/structuredefinition-fmm">
    <valueInteger value="1">
      <extension url="http://hl7.org/fhir/StructureDefinition/structuredefinition-conformance-derivedFrom">
        <valueCanonical value="http://www.fhir.org/guides/uscdi4-sandbox/ImplementationGuide/uscdi4-sandbox"/>
      </extension>
    </valueInteger>
  </extension>
  <extension url="http://hl7.org/fhir/StructureDefinition/structuredefinition-standards-status">
    <valueCode value="trial-use">
      <extension url="http://hl7.org/fhir/StructureDefinition/structuredefinition-conformance-derivedFrom">
        <valueCanonical value="http://www.fhir.org/guides/uscdi4-sandbox/ImplementationGuide/uscdi4-sandbox"/>
      </extension>
    </valueCode>
  </extension>
  <url value="http://www.fhir.org/guides/uscdi4-sandbox/ValueSet/uscore-medicationstatement-status"/>
  <version value="0.0.0"/>
  <name value="USCoreMedicationstatementStatus"/>
  <title value="US Core Medication Status Codes"/>
  <status value="draft"/>
  <experimental value="false"/>
  <date value="2023-08-15"/>
  <publisher value="Health eData Inc"/>
  <contact>
    <telecom>
      <system value="email"/>
      <value value="mailto:ehaas@healthedatainc.com"/>
    </telecom>
  </contact>
  <description value="A code specifying the state of the statement.  Generally, this will be active or completed state.  This value set excludes the concept used internally by the FHIR specification, not-taken,on-hold,stopped, and unknown, because they are covered by the medication adherence extension."/>
  <jurisdiction>
    <coding>
      <system value="urn:iso:std:iso:3166"/>
      <code value="US"/>
    </coding>
  </jurisdiction>
  <immutable value="true"/>
  <compose>
    <include>
      <system value="http://hl7.org/fhir/CodeSystem/medication-statement-status"/>
    </include>
    <exclude>
      <system value="http://hl7.org/fhir/CodeSystem/medication-statement-status"/>
      <concept>
        <code value="not-taken"/>
      </concept>
      <concept>
        <code value="on-hold"/>
      </concept>
      <concept>
        <code value="stopped"/>
      </concept>
      <concept>
        <code value="unknown"/>
      </concept>
    </exclude>
  </compose>
</ValueSet>