<?xml version="1.0" encoding="UTF-8"?><ImplementationGuide xmlns="http://hl7.org/fhir"><id value="uscdi4-sandbox"/><text><status value="extensions"/><div xmlns="http://www.w3.org/1999/xhtml"><h2>USCDI4_1Sandbox</h2><p>The official URL for this implementation guide is: </p><pre>http://www.fhir.org/guides/uscdi4-sandbox/ImplementationGuide/uscdi4-sandbox</pre><div><p>This is a <strong>Healthedata1</strong> sandbox for creation of USCDI4 resources and examples</p>
</div></div></text><extension url="http://hl7.org/fhir/StructureDefinition/structuredefinition-standards-status"><valueCode value="trial-use"/></extension><extension url="http://hl7.org/fhir/StructureDefinition/structuredefinition-fmm"><valueInteger value="1"/></extension><url value="http://www.fhir.org/guides/uscdi4-sandbox/ImplementationGuide/uscdi4-sandbox"/><version value="0.0.0"/><name value="USCDI4_1Sandbox"/><title value="HealtheData1 USCDI4 Sandbox"/><status value="active"/><date value="2023-08-31T05:38:19+00:00"/><publisher value="Health eData Inc"/><contact><telecom><system value="email"/><value value="mailto:ehaas@healthedatainc.com"/></telecom></contact><description value="This is a **Healthedata1** sandbox for creation of USCDI4 resources and examples"/><jurisdiction><coding><system value="urn:iso:std:iso:3166"/><code value="US"/></coding></jurisdiction><packageId value="uscdi4-sandbox"/><license value="CC0-1.0"/><fhirVersion value="4.0.1"/><dependsOn id="hl7tx"><extension url="http://hl7.org/fhir/tools/StructureDefinition/implementationguide-dependency-comment"><valueMarkdown value="Automatically added as a dependency - all IGs depend on HL7 Terminology"/></extension><uri value="http://terminology.hl7.org/ImplementationGuide/hl7.terminology"/><packageId value="hl7.terminology.r4"/><version value="5.0.0"/></dependsOn><dependsOn id="hl7_fhir_us_core"><uri value="http://hl7.org/fhir/us/core/ImplementationGuide/hl7.fhir.us.core"/><packageId value="hl7.fhir.us.core"/><version value="6.1.0"/></dependsOn><dependsOn id="hl7_fhir_uv_extensions_r4"><uri value="http://hl7.org/fhir/extensions/ImplementationGuide/hl7.fhir.uv.extensions"/><packageId value="hl7.fhir.uv.extensions.r4"/><version value="1.0.0"/></dependsOn><definition><extension url="http://hl7.org/fhir/tools/StructureDefinition/ig-parameter"><extension url="code"><valueString value="copyrightyear"/></extension><extension url="value"><valueString value="2020+"/></extension></extension><extension url="http://hl7.org/fhir/tools/StructureDefinition/ig-parameter"><extension url="code"><valueString value="releaselabel"/></extension><extension url="value"><valueString value="CI Build"/></extension></extension><extension url="http://hl7.org/fhir/tools/StructureDefinition/ig-parameter"><extension url="code"><valueString value="path-expansion-params"/></extension><extension url="value"><valueString value="../../input/_resources/exp-params.json"/></extension></extension><extension url="http://hl7.org/fhir/tools/StructureDefinition/ig-parameter"><extension url="code"><valueString value="show-inherited-invariants"/></extension><extension url="value"><valueString value="true"/></extension></extension><extension url="http://hl7.org/fhir/tools/StructureDefinition/ig-parameter"><extension url="code"><valueString value="usage-stats-opt-out"/></extension><extension url="value"><valueString value="false"/></extension></extension><extension url="http://hl7.org/fhir/tools/StructureDefinition/ig-parameter"><extension url="code"><valueString value="path-output"/></extension><extension url="value"><valueString value="docs"/></extension></extension><extension url="http://hl7.org/fhir/tools/StructureDefinition/ig-parameter"><extension url="code"><valueString value="path-liquid"/></extension><extension url="value"><valueString value="input/images/liquid"/></extension></extension><extension url="http://hl7.org/fhir/tools/StructureDefinition/ig-parameter"><extension url="code"><valueString value="excludexml"/></extension><extension url="value"><valueString value="true"/></extension></extension><extension url="http://hl7.org/fhir/tools/StructureDefinition/ig-parameter"><extension url="code"><valueString value="excludejson"/></extension><extension url="value"><valueString value="false"/></extension></extension><extension url="http://hl7.org/fhir/tools/StructureDefinition/ig-parameter"><extension url="code"><valueString value="excludettl"/></extension><extension url="value"><valueString value="true"/></extension></extension><extension url="http://hl7.org/fhir/tools/StructureDefinition/ig-parameter"><extension url="code"><valueString value="excludemap"/></extension><extension url="value"><valueString value="true"/></extension></extension><extension url="http://hl7.org/fhir/tools/StructureDefinition/ig-parameter"><extension url="code"><valueString value="propagate-status"/></extension><extension url="value"><valueString value="true"/></extension></extension><extension url="http://hl7.org/fhir/tools/StructureDefinition/ig-parameter"><extension url="code"><valueString value="autoload-resources"/></extension><extension url="value"><valueString value="true"/></extension></extension><extension url="http://hl7.org/fhir/tools/StructureDefinition/ig-parameter"><extension url="code"><valueString value="path-liquid"/></extension><extension url="value"><valueString value="template/liquid"/></extension></extension><extension url="http://hl7.org/fhir/tools/StructureDefinition/ig-parameter"><extension url="code"><valueString value="path-liquid"/></extension><extension url="value"><valueString value="input/liquid"/></extension></extension><extension url="http://hl7.org/fhir/tools/StructureDefinition/ig-parameter"><extension url="code"><valueString value="path-qa"/></extension><extension url="value"><valueString value="temp/qa"/></extension></extension><extension url="http://hl7.org/fhir/tools/StructureDefinition/ig-parameter"><extension url="code"><valueString value="path-temp"/></extension><extension url="value"><valueString value="temp/pages"/></extension></extension><extension url="http://hl7.org/fhir/tools/StructureDefinition/ig-parameter"><extension url="code"><valueString value="path-suppressed-warnings"/></extension><extension url="value"><valueString value="input/ignoreWarnings.txt"/></extension></extension><extension url="http://hl7.org/fhir/tools/StructureDefinition/ig-parameter"><extension url="code"><valueString value="path-history"/></extension><extension url="value"><valueString value="http://www.fhir.org/guides/uscdi4-sandbox/history.html"/></extension></extension><extension url="http://hl7.org/fhir/tools/StructureDefinition/ig-parameter"><extension url="code"><valueString value="template-html"/></extension><extension url="value"><valueString value="template-page.html"/></extension></extension><extension url="http://hl7.org/fhir/tools/StructureDefinition/ig-parameter"><extension url="code"><valueString value="template-md"/></extension><extension url="value"><valueString value="template-page-md.html"/></extension></extension><extension url="http://hl7.org/fhir/tools/StructureDefinition/ig-parameter"><extension url="code"><valueString value="apply-contact"/></extension><extension url="value"><valueString value="true"/></extension></extension><extension url="http://hl7.org/fhir/tools/StructureDefinition/ig-parameter"><extension url="code"><valueString value="apply-context"/></extension><extension url="value"><valueString value="true"/></extension></extension><extension url="http://hl7.org/fhir/tools/StructureDefinition/ig-parameter"><extension url="code"><valueString value="apply-copyright"/></extension><extension url="value"><valueString value="true"/></extension></extension><extension url="http://hl7.org/fhir/tools/StructureDefinition/ig-parameter"><extension url="code"><valueString value="apply-jurisdiction"/></extension><extension url="value"><valueString value="true"/></extension></extension><extension url="http://hl7.org/fhir/tools/StructureDefinition/ig-parameter"><extension url="code"><valueString value="apply-license"/></extension><extension url="value"><valueString value="true"/></extension></extension><extension url="http://hl7.org/fhir/tools/StructureDefinition/ig-parameter"><extension url="code"><valueString value="apply-publisher"/></extension><extension url="value"><valueString value="true"/></extension></extension><extension url="http://hl7.org/fhir/tools/StructureDefinition/ig-parameter"><extension url="code"><valueString value="apply-version"/></extension><extension url="value"><valueString value="true"/></extension></extension><extension url="http://hl7.org/fhir/tools/StructureDefinition/ig-parameter"><extension url="code"><valueString value="active-tables"/></extension><extension url="value"><valueString value="true"/></extension></extension><extension url="http://hl7.org/fhir/tools/StructureDefinition/ig-parameter"><extension url="code"><valueString value="fmm-definition"/></extension><extension url="value"><valueString value="http://hl7.org/fhir/versions.html#maturity"/></extension></extension><extension url="http://hl7.org/fhir/tools/StructureDefinition/ig-parameter"><extension url="code"><valueString value="excludelogbinaryformat"/></extension><extension url="value"><valueString value="true"/></extension></extension><extension url="http://hl7.org/fhir/tools/StructureDefinition/ig-parameter"><extension url="code"><valueString value="tabbed-snapshots"/></extension><extension url="value"><valueString value="true"/></extension></extension><extension url="http://hl7.org/fhir/tools/StructureDefinition/ig-internal-dependency"><valueCode value="hl7.fhir.uv.tools#current"/></extension><extension url="http://hl7.org/fhir/tools/StructureDefinition/ig-parameter"><extension url="code"><valueCode value="copyrightyear"/></extension><extension url="value"><valueString value="2020+"/></extension></extension><extension url="http://hl7.org/fhir/tools/StructureDefinition/ig-parameter"><extension url="code"><valueCode value="releaselabel"/></extension><extension url="value"><valueString value="CI Build"/></extension></extension><extension url="http://hl7.org/fhir/tools/StructureDefinition/ig-parameter"><extension url="code"><valueCode value="path-expansion-params"/></extension><extension url="value"><valueString value="../../input/_resources/exp-params.json"/></extension></extension><extension url="http://hl7.org/fhir/tools/StructureDefinition/ig-parameter"><extension url="code"><valueCode value="show-inherited-invariants"/></extension><extension url="value"><valueString value="true"/></extension></extension><extension url="http://hl7.org/fhir/tools/StructureDefinition/ig-parameter"><extension url="code"><valueCode value="usage-stats-opt-out"/></extension><extension url="value"><valueString value="false"/></extension></extension><extension url="http://hl7.org/fhir/tools/StructureDefinition/ig-parameter"><extension url="code"><valueCode value="path-output"/></extension><extension url="value"><valueString value="docs"/></extension></extension><extension url="http://hl7.org/fhir/tools/StructureDefinition/ig-parameter"><extension url="code"><valueCode value="path-liquid"/></extension><extension url="value"><valueString value="input/images/liquid"/></extension></extension><extension url="http://hl7.org/fhir/tools/StructureDefinition/ig-parameter"><extension url="code"><valueCode value="excludexml"/></extension><extension url="value"><valueString value="true"/></extension></extension><extension url="http://hl7.org/fhir/tools/StructureDefinition/ig-parameter"><extension url="code"><valueCode value="excludejson"/></extension><extension url="value"><valueString value="false"/></extension></extension><extension url="http://hl7.org/fhir/tools/StructureDefinition/ig-parameter"><extension url="code"><valueCode value="excludettl"/></extension><extension url="value"><valueString value="true"/></extension></extension><extension url="http://hl7.org/fhir/tools/StructureDefinition/ig-parameter"><extension url="code"><valueCode value="excludemap"/></extension><extension url="value"><valueString value="true"/></extension></extension><extension url="http://hl7.org/fhir/tools/StructureDefinition/ig-parameter"><extension url="code"><valueCode value="propagate-status"/></extension><extension url="value"><valueString value="true"/></extension></extension><extension url="http://hl7.org/fhir/tools/StructureDefinition/ig-parameter"><extension url="code"><valueCode value="autoload-resources"/></extension><extension url="value"><valueString value="true"/></extension></extension><extension url="http://hl7.org/fhir/tools/StructureDefinition/ig-parameter"><extension url="code"><valueCode value="path-liquid"/></extension><extension url="value"><valueString value="template/liquid"/></extension></extension><extension url="http://hl7.org/fhir/tools/StructureDefinition/ig-parameter"><extension url="code"><valueCode value="path-liquid"/></extension><extension url="value"><valueString value="input/liquid"/></extension></extension><extension url="http://hl7.org/fhir/tools/StructureDefinition/ig-parameter"><extension url="code"><valueCode value="path-qa"/></extension><extension url="value"><valueString value="temp/qa"/></extension></extension><extension url="http://hl7.org/fhir/tools/StructureDefinition/ig-parameter"><extension url="code"><valueCode value="path-temp"/></extension><extension url="value"><valueString value="temp/pages"/></extension></extension><extension url="http://hl7.org/fhir/tools/StructureDefinition/ig-parameter"><extension url="code"><valueCode value="path-suppressed-warnings"/></extension><extension url="value"><valueString value="input/ignoreWarnings.txt"/></extension></extension><extension url="http://hl7.org/fhir/tools/StructureDefinition/ig-parameter"><extension url="code"><valueCode value="path-history"/></extension><extension url="value"><valueString value="http://www.fhir.org/guides/uscdi4-sandbox/history.html"/></extension></extension><extension url="http://hl7.org/fhir/tools/StructureDefinition/ig-parameter"><extension url="code"><valueCode value="template-html"/></extension><extension url="value"><valueString value="template-page.html"/></extension></extension><extension url="http://hl7.org/fhir/tools/StructureDefinition/ig-parameter"><extension url="code"><valueCode value="template-md"/></extension><extension url="value"><valueString value="template-page-md.html"/></extension></extension><extension url="http://hl7.org/fhir/tools/StructureDefinition/ig-parameter"><extension url="code"><valueCode value="apply-contact"/></extension><extension url="value"><valueString value="true"/></extension></extension><extension url="http://hl7.org/fhir/tools/StructureDefinition/ig-parameter"><extension url="code"><valueCode value="apply-context"/></extension><extension url="value"><valueString value="true"/></extension></extension><extension url="http://hl7.org/fhir/tools/StructureDefinition/ig-parameter"><extension url="code"><valueCode value="apply-copyright"/></extension><extension url="value"><valueString value="true"/></extension></extension><extension url="http://hl7.org/fhir/tools/StructureDefinition/ig-parameter"><extension url="code"><valueCode value="apply-jurisdiction"/></extension><extension url="value"><valueString value="true"/></extension></extension><extension url="http://hl7.org/fhir/tools/StructureDefinition/ig-parameter"><extension url="code"><valueCode value="apply-license"/></extension><extension url="value"><valueString value="true"/></extension></extension><extension url="http://hl7.org/fhir/tools/StructureDefinition/ig-parameter"><extension url="code"><valueCode value="apply-publisher"/></extension><extension url="value"><valueString value="true"/></extension></extension><extension url="http://hl7.org/fhir/tools/StructureDefinition/ig-parameter"><extension url="code"><valueCode value="apply-version"/></extension><extension url="value"><valueString value="true"/></extension></extension><extension url="http://hl7.org/fhir/tools/StructureDefinition/ig-parameter"><extension url="code"><valueCode value="active-tables"/></extension><extension url="value"><valueString value="true"/></extension></extension><extension url="http://hl7.org/fhir/tools/StructureDefinition/ig-parameter"><extension url="code"><valueCode value="fmm-definition"/></extension><extension url="value"><valueString value="http://hl7.org/fhir/versions.html#maturity"/></extension></extension><extension url="http://hl7.org/fhir/tools/StructureDefinition/ig-parameter"><extension url="code"><valueCode value="excludelogbinaryformat"/></extension><extension url="value"><valueString value="true"/></extension></extension><extension url="http://hl7.org/fhir/tools/StructureDefinition/ig-parameter"><extension url="code"><valueCode value="tabbed-snapshots"/></extension><extension url="value"><valueString value="true"/></extension></extension><extension url="http://hl7.org/fhir/tools/StructureDefinition/ig-parameter"><extension url="code"><valueCode value="copyrightyear"/></extension><extension url="value"><valueString value="2020+"/></extension></extension><extension url="http://hl7.org/fhir/tools/StructureDefinition/ig-parameter"><extension url="code"><valueCode value="releaselabel"/></extension><extension url="value"><valueString value="CI Build"/></extension></extension><extension url="http://hl7.org/fhir/tools/StructureDefinition/ig-parameter"><extension url="code"><valueCode value="path-expansion-params"/></extension><extension url="value"><valueString value="../../input/_resources/exp-params.json"/></extension></extension><extension url="http://hl7.org/fhir/tools/StructureDefinition/ig-parameter"><extension url="code"><valueCode value="show-inherited-invariants"/></extension><extension url="value"><valueString value="true"/></extension></extension><extension url="http://hl7.org/fhir/tools/StructureDefinition/ig-parameter"><extension url="code"><valueCode value="usage-stats-opt-out"/></extension><extension url="value"><valueString value="false"/></extension></extension><extension url="http://hl7.org/fhir/tools/StructureDefinition/ig-parameter"><extension url="code"><valueCode value="path-output"/></extension><extension url="value"><valueString value="docs"/></extension></extension><extension url="http://hl7.org/fhir/tools/StructureDefinition/ig-parameter"><extension url="code"><valueCode value="path-liquid"/></extension><extension url="value"><valueString value="input/images/liquid"/></extension></extension><extension url="http://hl7.org/fhir/tools/StructureDefinition/ig-parameter"><extension url="code"><valueCode value="excludexml"/></extension><extension url="value"><valueString value="true"/></extension></extension><extension url="http://hl7.org/fhir/tools/StructureDefinition/ig-parameter"><extension url="code"><valueCode value="excludejson"/></extension><extension url="value"><valueString value="false"/></extension></extension><extension url="http://hl7.org/fhir/tools/StructureDefinition/ig-parameter"><extension url="code"><valueCode value="excludettl"/></extension><extension url="value"><valueString value="true"/></extension></extension><extension url="http://hl7.org/fhir/tools/StructureDefinition/ig-parameter"><extension url="code"><valueCode value="excludemap"/></extension><extension url="value"><valueString value="true"/></extension></extension><extension url="http://hl7.org/fhir/tools/StructureDefinition/ig-parameter"><extension url="code"><valueCode value="propagate-status"/></extension><extension url="value"><valueString value="true"/></extension></extension><extension url="http://hl7.org/fhir/tools/StructureDefinition/ig-parameter"><extension url="code"><valueCode value="autoload-resources"/></extension><extension url="value"><valueString value="true"/></extension></extension><extension url="http://hl7.org/fhir/tools/StructureDefinition/ig-parameter"><extension url="code"><valueCode value="path-liquid"/></extension><extension url="value"><valueString value="template/liquid"/></extension></extension><extension url="http://hl7.org/fhir/tools/StructureDefinition/ig-parameter"><extension url="code"><valueCode value="path-liquid"/></extension><extension url="value"><valueString value="input/liquid"/></extension></extension><extension url="http://hl7.org/fhir/tools/StructureDefinition/ig-parameter"><extension url="code"><valueCode value="path-qa"/></extension><extension url="value"><valueString value="temp/qa"/></extension></extension><extension url="http://hl7.org/fhir/tools/StructureDefinition/ig-parameter"><extension url="code"><valueCode value="path-temp"/></extension><extension url="value"><valueString value="temp/pages"/></extension></extension><extension url="http://hl7.org/fhir/tools/StructureDefinition/ig-parameter"><extension url="code"><valueCode value="path-suppressed-warnings"/></extension><extension url="value"><valueString value="input/ignoreWarnings.txt"/></extension></extension><extension url="http://hl7.org/fhir/tools/StructureDefinition/ig-parameter"><extension url="code"><valueCode value="path-history"/></extension><extension url="value"><valueString value="http://www.fhir.org/guides/uscdi4-sandbox/history.html"/></extension></extension><extension url="http://hl7.org/fhir/tools/StructureDefinition/ig-parameter"><extension url="code"><valueCode value="template-html"/></extension><extension url="value"><valueString value="template-page.html"/></extension></extension><extension url="http://hl7.org/fhir/tools/StructureDefinition/ig-parameter"><extension url="code"><valueCode value="template-md"/></extension><extension url="value"><valueString value="template-page-md.html"/></extension></extension><extension url="http://hl7.org/fhir/tools/StructureDefinition/ig-parameter"><extension url="code"><valueCode value="apply-contact"/></extension><extension url="value"><valueString value="true"/></extension></extension><extension url="http://hl7.org/fhir/tools/StructureDefinition/ig-parameter"><extension url="code"><valueCode value="apply-context"/></extension><extension url="value"><valueString value="true"/></extension></extension><extension url="http://hl7.org/fhir/tools/StructureDefinition/ig-parameter"><extension url="code"><valueCode value="apply-copyright"/></extension><extension url="value"><valueString value="true"/></extension></extension><extension url="http://hl7.org/fhir/tools/StructureDefinition/ig-parameter"><extension url="code"><valueCode value="apply-jurisdiction"/></extension><extension url="value"><valueString value="true"/></extension></extension><extension url="http://hl7.org/fhir/tools/StructureDefinition/ig-parameter"><extension url="code"><valueCode value="apply-license"/></extension><extension url="value"><valueString value="true"/></extension></extension><extension url="http://hl7.org/fhir/tools/StructureDefinition/ig-parameter"><extension url="code"><valueCode value="apply-publisher"/></extension><extension url="value"><valueString value="true"/></extension></extension><extension url="http://hl7.org/fhir/tools/StructureDefinition/ig-parameter"><extension url="code"><valueCode value="apply-version"/></extension><extension url="value"><valueString value="true"/></extension></extension><extension url="http://hl7.org/fhir/tools/StructureDefinition/ig-parameter"><extension url="code"><valueCode value="active-tables"/></extension><extension url="value"><valueString value="true"/></extension></extension><extension url="http://hl7.org/fhir/tools/StructureDefinition/ig-parameter"><extension url="code"><valueCode value="fmm-definition"/></extension><extension url="value"><valueString value="http://hl7.org/fhir/versions.html#maturity"/></extension></extension><extension url="http://hl7.org/fhir/tools/StructureDefinition/ig-parameter"><extension url="code"><valueCode value="excludelogbinaryformat"/></extension><extension url="value"><valueString value="true"/></extension></extension><extension url="http://hl7.org/fhir/tools/StructureDefinition/ig-parameter"><extension url="code"><valueCode value="tabbed-snapshots"/></extension><extension url="value"><valueString value="true"/></extension></extension><grouping id="AvgBP"><name value="Average Blood Pressure"/><description value="Average Blood Pressure Profile and Examples"/></grouping><grouping id="PE"><name value="Physical Activity"/><description value="Physical Activity Health Status Assessment Examples"/></grouping><grouping id="Booze"><name value="Alcohol Use"/><description value="Alcohol Use Health Status Assessment Examples"/></grouping><grouping id="Drugs"><name value="Substance Use"/><description value="Substance Use Health Status Assessment Examples"/></grouping><grouping id="Labs"><name value="Laboratory"/><description value="Laboratory and Specimen Profiles and Examples"/></grouping><grouping id="Facility"><name value="Facility Information"/><description value="Location Profiles and Examples"/></grouping><grouping id="Medication"><name value="Medication"/><description value="Medication Adherence Examples"/></grouping><grouping id="Preferences"><name value="Goals and Preferences"/><description value="Goals and Preferences Profiles and Examples"/></grouping><resource><extension url="http://hl7.org/fhir/tools/StructureDefinition/resource-sort"><valueInteger value="999999999"/></extension><extension url="http://hl7.org/fhir/StructureDefinition/implementationguide-page"><valueUri value="StructureDefinition-us-core-average-blood-pressure.html"/></extension><reference><reference value="StructureDefinition/us-core-average-blood-pressure"/></reference><name value="US Core Average Blood Pressure Profile"/><description value="To promote interoperability and adoption through common implementation, this profile sets minimum expectations for the Observation resource to record, search, and fetch average diastolic and systolic blood pressure observations with standard LOINC codes and UCUM units of measure. It is based on the US Core Vital Signs Profile and identifies which *additional* core elements, extensions, vocabularies, and value sets **SHALL** be present and constrains the way the elements are used when using the profile. It provides the floor for standards development for specific use cases."/><exampleBoolean value="false"/><groupingId value="AvgBP"/></resource><resource><extension url="http://hl7.org/fhir/tools/StructureDefinition/resource-sort"><valueInteger value="999999999"/></extension><extension url="http://hl7.org/fhir/StructureDefinition/implementationguide-page"><valueUri value="Observation-average-blood-pressure.html"/></extension><reference><reference value="Observation/average-blood-pressure"/></reference><name value="Average Blood Pressure Example"/><description value="This is an average blood pressure example for the *Vitalsigns Profile*.  It is based on the [Vital Signs with Qualifying Elements](http://hl7.org/fhir/us/vitals/STU1/) [Average Blood Pressure Profile](http://hl7.org/fhir/us/vitals/StructureDefinition/average-blood-pressure)."/><exampleCanonical value="http://www.fhir.org/guides/uscdi4-sandbox/StructureDefinition/us-core-average-blood-pressure"/><groupingId value="AvgBP"/></resource><resource><extension url="http://hl7.org/fhir/tools/StructureDefinition/resource-sort"><valueInteger value="999999999"/></extension><extension url="http://hl7.org/fhir/StructureDefinition/implementationguide-page"><valueUri value="Observation-EVS-item-example-68516-4.html"/></extension><reference><reference value="Observation/EVS-item-example-68516-4"/></reference><name value="Evs Item Example 68516-4"/><description value="This is a Evs Item Example 68516-4 (On those days that you engage in moderate to strenuous exercise, how many minutes, on average, do you exercise?) for the *US Core Observation Screening Assessment Profile*"/><exampleCanonical value="http://hl7.org/fhir/us/core/StructureDefinition/us-core-observation-screening-assessment"/><groupingId value="PE"/></resource><resource><extension url="http://hl7.org/fhir/tools/StructureDefinition/resource-sort"><valueInteger value="999999999"/></extension><extension url="http://hl7.org/fhir/StructureDefinition/implementationguide-page"><valueUri value="Observation-EVS-item-example-89555-7.html"/></extension><reference><reference value="Observation/EVS-item-example-89555-7"/></reference><name value="Evs Item Example 89555-7"/><description value="This is a Evs Item Example 89555-7 (How many D per W did you engage in moderate to strenuous physical activity in the last 30D) for the *US Core Observation Screening Assessment Profile*"/><exampleCanonical value="http://hl7.org/fhir/us/core/StructureDefinition/us-core-observation-screening-assessment"/><groupingId value="PE"/></resource><resource><extension url="http://hl7.org/fhir/tools/StructureDefinition/resource-sort"><valueInteger value="999999999"/></extension><extension url="http://hl7.org/fhir/StructureDefinition/implementationguide-page"><valueUri value="Observation-EVS-panel-example-89574-8.html"/></extension><reference><reference value="Observation/EVS-panel-example-89574-8"/></reference><name value="Evs Panel Example 89574-8"/><description value="This is a Evs Panel Example 89574-8 (Exercise Vital Sign (EVS)) for the *US Core Observation Screening Assessment Profile*"/><exampleCanonical value="http://hl7.org/fhir/us/core/StructureDefinition/us-core-observation-screening-assessment"/><groupingId value="PE"/></resource><resource><extension url="http://hl7.org/fhir/tools/StructureDefinition/resource-sort"><valueInteger value="999999999"/></extension><extension url="http://hl7.org/fhir/StructureDefinition/implementationguide-page"><valueUri value="Observation-exercise-per-day.html"/></extension><reference><reference value="Observation/exercise-per-day"/></reference><name value="Exercise Per Day Example"/><description value="This is an minutes exercise per day example for the *Simple Observation Profile*.  It is based on the on US Core [Screening and Assessments](http://hl7.org/fhir/us/core/screening-and-assessments.html) guidance using Simple Observations."/><exampleCanonical value="http://hl7.org/fhir/us/core/StructureDefinition/us-core-simple-observation"/><groupingId value="PE"/></resource><resource><extension url="http://hl7.org/fhir/tools/StructureDefinition/resource-sort"><valueInteger value="999999999"/></extension><extension url="http://hl7.org/fhir/StructureDefinition/implementationguide-page"><valueUri value="Observation-exercise-per-week.html"/></extension><reference><reference value="Observation/exercise-per-week"/></reference><name value="Exercise Per Week Example"/><description value="This is a days exercise per week example for the *Simple Observation Profile*.  It is based on the on US Core [Screening and Assessments](http://hl7.org/fhir/us/core/screening-and-assessments.html) guidance using Simple Observations."/><exampleCanonical value="http://hl7.org/fhir/us/core/StructureDefinition/us-core-simple-observation"/><groupingId value="PE"/></resource><resource><extension url="http://hl7.org/fhir/tools/StructureDefinition/resource-sort"><valueInteger value="999999999"/></extension><extension url="http://hl7.org/fhir/StructureDefinition/implementationguide-page"><valueUri value="Questionnaire-exercise-vital-sign.html"/></extension><reference><reference value="Questionnaire/exercise-vital-sign"/></reference><name value="Exercise Vital Sign Questionnaire Example"/><description value="This is the [LHC Form](https://loinc.org/lhc-forms/) Exercise Vital Sign (EVS) Questionnaire Example. It is based on the on US Core [Screening and Assessments](http://hl7.org/fhir/us/core/screening-and-assessments.html) guidance using Questionnaire/QuestionnaireResponse resources."/><exampleBoolean value="true"/><groupingId value="PE"/></resource><resource><extension url="http://hl7.org/fhir/tools/StructureDefinition/resource-sort"><valueInteger value="999999999"/></extension><extension url="http://hl7.org/fhir/StructureDefinition/implementationguide-page"><valueUri value="QuestionnaireResponse-exercise-vital-sign.html"/></extension><reference><reference value="QuestionnaireResponse/exercise-vital-sign"/></reference><name value="Exercise Vital Sign QuestionnaireResponse Example"/><description value="This is the [LHC Form](https://loinc.org/lhc-forms/) Exercise Vital Sign (EVS) QuestionnaireResponse Example. It is based on the on US Core [Screening and Assessments](http://hl7.org/fhir/us/core/screening-and-assessments.html) guidance using Questionnaire/QuestionnaireResponse resources."/><exampleCanonical value="http://hl7.org/fhir/us/core/StructureDefinition/us-core-questionnaireresponse"/><groupingId value="PE"/></resource><resource><extension url="http://hl7.org/fhir/tools/StructureDefinition/resource-sort"><valueInteger value="999999999"/></extension><extension url="http://hl7.org/fhir/StructureDefinition/implementationguide-page"><valueUri value="Observation-alcohol-use-status.html"/></extension><reference><reference value="Observation/alcohol-use-status"/></reference><name value="Alcohol Use Status Example"/><description value="This is an alcohol-use-status example for the *Simple Observation Profile*.  It is based on the on US Core [Screening and Assessments](http://hl7.org/fhir/us/core/screening-and-assessments.html) guidance using Simple Observations."/><exampleCanonical value="http://hl7.org/fhir/us/core/StructureDefinition/us-core-simple-observation"/><groupingId value="Booze"/></resource><resource><extension url="http://hl7.org/fhir/tools/StructureDefinition/resource-sort"><valueInteger value="999999999"/></extension><extension url="http://hl7.org/fhir/StructureDefinition/implementationguide-page"><valueUri value="Observation-alcoholic-drinks-per-day.html"/></extension><reference><reference value="Observation/alcoholic-drinks-per-day"/></reference><name value="Alcoholic Drinks Per Day Example"/><description value="This is an Alcoholic Drinks Per Day example for the *Simple Observation Profile*.  It is based on the on US Core [Screening and Assessments](http://hl7.org/fhir/us/core/screening-and-assessments.html) guidance using Simple Observations."/><exampleCanonical value="http://hl7.org/fhir/us/core/StructureDefinition/us-core-simple-observation"/><groupingId value="Booze"/></resource><resource><extension url="http://hl7.org/fhir/tools/StructureDefinition/resource-sort"><valueInteger value="999999999"/></extension><extension url="http://hl7.org/fhir/StructureDefinition/implementationguide-page"><valueUri value="Observation-AUDIT-C-item-example-68517-2.html"/></extension><reference><reference value="Observation/AUDIT-C-item-example-68517-2"/></reference><name value="Audit-C Item Example 68517-2"/><description value="This is a Audit-C Item Example 68517-2 (How many times in the past year have you have X or more drinks in a day?) for the *US Core Observation Screening Assessment Profile*"/><exampleCanonical value="http://hl7.org/fhir/us/core/StructureDefinition/us-core-observation-screening-assessment"/><groupingId value="Booze"/></resource><resource><extension url="http://hl7.org/fhir/tools/StructureDefinition/resource-sort"><valueInteger value="999999999"/></extension><extension url="http://hl7.org/fhir/StructureDefinition/implementationguide-page"><valueUri value="Observation-AUDIT-C-item-example-68519-8.html"/></extension><reference><reference value="Observation/AUDIT-C-item-example-68519-8"/></reference><name value="Audit-C Item Example 68519-8"/><description value="This is a Audit-C Item Example 68519-8 (How many standard drinks containing alcohol do you have on a typical day?) for the *US Core Observation Screening Assessment Profile*"/><exampleCanonical value="http://hl7.org/fhir/us/core/StructureDefinition/us-core-observation-screening-assessment"/><groupingId value="Booze"/></resource><resource><extension url="http://hl7.org/fhir/tools/StructureDefinition/resource-sort"><valueInteger value="999999999"/></extension><extension url="http://hl7.org/fhir/StructureDefinition/implementationguide-page"><valueUri value="Observation-AUDIT-C-item-example-68520-6.html"/></extension><reference><reference value="Observation/AUDIT-C-item-example-68520-6"/></reference><name value="Audit-C Item Example 68520-6"/><description value="This is a Audit-C Item Example 68520-6 (How often do you have 6 or more drinks on 1 occasion?) for the *US Core Observation Screening Assessment Profile*"/><exampleCanonical value="http://hl7.org/fhir/us/core/StructureDefinition/us-core-observation-screening-assessment"/><groupingId value="Booze"/></resource><resource><extension url="http://hl7.org/fhir/tools/StructureDefinition/resource-sort"><valueInteger value="999999999"/></extension><extension url="http://hl7.org/fhir/StructureDefinition/implementationguide-page"><valueUri value="Observation-AUDIT-C-item-example-75626-2.html"/></extension><reference><reference value="Observation/AUDIT-C-item-example-75626-2"/></reference><name value="Audit-C Item Example 75626-2"/><description value="This is a Audit-C Item Example 75626-2 (Total score [AUDIT-C]) for the *US Core Observation Screening Assessment Profile*"/><exampleCanonical value="http://hl7.org/fhir/us/core/StructureDefinition/us-core-observation-screening-assessment"/><groupingId value="Booze"/></resource><resource><extension url="http://hl7.org/fhir/tools/StructureDefinition/resource-sort"><valueInteger value="999999999"/></extension><extension url="http://hl7.org/fhir/StructureDefinition/implementationguide-page"><valueUri value="Observation-AUDIT-C-panel-example-72109-2.html"/></extension><reference><reference value="Observation/AUDIT-C-panel-example-72109-2"/></reference><name value="Audit-C Panel Example 72109-2"/><description value="This is a Audit-C Panel Example 72109-2 (Alcohol Use Disorder Identification Test - Consumption [AUDIT-C]) for the *US Core Observation Screening Assessment Profile*"/><exampleCanonical value="http://hl7.org/fhir/us/core/StructureDefinition/us-core-observation-screening-assessment"/><groupingId value="Booze"/></resource><resource><extension url="http://hl7.org/fhir/tools/StructureDefinition/resource-sort"><valueInteger value="999999999"/></extension><extension url="http://hl7.org/fhir/StructureDefinition/implementationguide-page"><valueUri value="Questionnaire-AUDIT-C.html"/></extension><reference><reference value="Questionnaire/AUDIT-C"/></reference><name value="Alcohol Use Disorder Identification Test - Consumption [AUDIT-C] Questionnaire Example"/><description value="Alcohol Use Disorder Identification Test - Consumption [AUDIT-C] questionnaire example. It is based on the on US Core [Screening and Assessments](http://hl7.org/fhir/us/core/screening-and-assessments.html) guidance using Questionnaire/QuestionnaireResponse resources."/><exampleBoolean value="true"/><groupingId value="Booze"/></resource><resource><extension url="http://hl7.org/fhir/tools/StructureDefinition/resource-sort"><valueInteger value="999999999"/></extension><extension url="http://hl7.org/fhir/StructureDefinition/implementationguide-page"><valueUri value="QuestionnaireResponse-AUDIT-C.html"/></extension><reference><reference value="QuestionnaireResponse/AUDIT-C"/></reference><name value="Alcohol Use Disorder Identification Test - Consumption [AUDIT-C] QuestionnaireResponse Example"/><description value="This is the [LHC Form](https://loinc.org/lhc-forms/) Alcohol Use Disorder Identification Test - Consumption [AUDIT-C] QuestionnaireResponse example. It is based on the on US Core [Screening and Assessments](http://hl7.org/fhir/us/core/screening-and-assessments.html) guidance using Questionnaire/QuestionnaireResponse resources."/><exampleCanonical value="http://hl7.org/fhir/us/core/StructureDefinition/us-core-questionnaireresponse"/><groupingId value="Booze"/></resource><resource><extension url="http://hl7.org/fhir/tools/StructureDefinition/resource-sort"><valueInteger value="999999999"/></extension><extension url="http://hl7.org/fhir/StructureDefinition/implementationguide-page"><valueUri value="Observation-substance-use-status.html"/></extension><reference><reference value="Observation/substance-use-status"/></reference><name value="Substance Use Status Example"/><description value="This is an Substance-use-status example for the *Simple Observation Profile*.  It is based on the on US Core [Screening and Assessments](http://hl7.org/fhir/us/core/screening-and-assessments.html) guidance using Simple Observations."/><exampleCanonical value="http://hl7.org/fhir/us/core/StructureDefinition/us-core-simple-observation"/><groupingId value="Drugs"/></resource><resource><extension url="http://hl7.org/fhir/tools/StructureDefinition/resource-sort"><valueInteger value="999999999"/></extension><extension url="http://hl7.org/fhir/StructureDefinition/implementationguide-page"><valueUri value="Observation-TAPS-item-example-75889-6.html"/></extension><reference><reference value="Observation/TAPS-item-example-75889-6"/></reference><name value="Taps Item Example 75889-6"/><description value="This is a Taps Item Example 75889-6 (How often have you had four or more drinks in one day during the past year [Reported]) for the *US Core Observation Screening Assessment Profile*"/><exampleCanonical value="http://hl7.org/fhir/us/core/StructureDefinition/us-core-observation-screening-assessment"/><groupingId value="Drugs"/></resource><resource><extension url="http://hl7.org/fhir/tools/StructureDefinition/resource-sort"><valueInteger value="999999999"/></extension><extension url="http://hl7.org/fhir/StructureDefinition/implementationguide-page"><valueUri value="Observation-TAPS-item-example-88037-7.html"/></extension><reference><reference value="Observation/TAPS-item-example-88037-7"/></reference><name value="Taps Item Example 88037-7"/><description value="This is a Taps Item Example 88037-7 (How often have you had five or more drinks in one day during the past year [Reported]) for the *US Core Observation Screening Assessment Profile*"/><exampleCanonical value="http://hl7.org/fhir/us/core/StructureDefinition/us-core-observation-screening-assessment"/><groupingId value="Drugs"/></resource><resource><extension url="http://hl7.org/fhir/tools/StructureDefinition/resource-sort"><valueInteger value="999999999"/></extension><extension url="http://hl7.org/fhir/StructureDefinition/implementationguide-page"><valueUri value="Observation-TAPS-item-example-96842-0.html"/></extension><reference><reference value="Observation/TAPS-item-example-96842-0"/></reference><name value="Taps Item Example 96842-0"/><description value="This is a Taps Item Example 96842-0 (How often have you used any tobacco product in past 12 months) for the *US Core Observation Screening Assessment Profile*"/><exampleCanonical value="http://hl7.org/fhir/us/core/StructureDefinition/us-core-observation-screening-assessment"/><groupingId value="Drugs"/></resource><resource><extension url="http://hl7.org/fhir/tools/StructureDefinition/resource-sort"><valueInteger value="999999999"/></extension><extension url="http://hl7.org/fhir/StructureDefinition/implementationguide-page"><valueUri value="Observation-TAPS-item-example-96843-8.html"/></extension><reference><reference value="Observation/TAPS-item-example-96843-8"/></reference><name value="Taps Item Example 96843-8"/><description value="This is a Taps Item Example 96843-8 (How often have you used illegal or recreational drugs in past 12 months) for the *US Core Observation Screening Assessment Profile*"/><exampleCanonical value="http://hl7.org/fhir/us/core/StructureDefinition/us-core-observation-screening-assessment"/><groupingId value="Drugs"/></resource><resource><extension url="http://hl7.org/fhir/tools/StructureDefinition/resource-sort"><valueInteger value="999999999"/></extension><extension url="http://hl7.org/fhir/StructureDefinition/implementationguide-page"><valueUri value="Observation-TAPS-item-example-96844-6.html"/></extension><reference><reference value="Observation/TAPS-item-example-96844-6"/></reference><name value="Taps Item Example 96844-6"/><description value="This is a Taps Item Example 96844-6 (How often have you used any prescription medications just for the feeling, more than prescribed or that were not prescribed for you in past 12 months [TAPS]) for the *US Core Observation Screening Assessment Profile*"/><exampleCanonical value="http://hl7.org/fhir/us/core/StructureDefinition/us-core-observation-screening-assessment"/><groupingId value="Drugs"/></resource><resource><extension url="http://hl7.org/fhir/tools/StructureDefinition/resource-sort"><valueInteger value="999999999"/></extension><extension url="http://hl7.org/fhir/StructureDefinition/implementationguide-page"><valueUri value="Observation-TAPS-panel-example-96841-2.html"/></extension><reference><reference value="Observation/TAPS-panel-example-96841-2"/></reference><name value="Taps Panel Example 96841-2"/><description value="This is a Taps Panel Example 96841-2 (Tobacco, Alcohol, Prescription medications, and other Substance use screen [TAPS]) for the *US Core Observation Screening Assessment Profile*"/><exampleCanonical value="http://hl7.org/fhir/us/core/StructureDefinition/us-core-observation-screening-assessment"/><groupingId value="Drugs"/></resource><resource><extension url="http://hl7.org/fhir/tools/StructureDefinition/resource-sort"><valueInteger value="999999999"/></extension><extension url="http://hl7.org/fhir/StructureDefinition/implementationguide-page"><valueUri value="Questionnaire-TAPS.html"/></extension><reference><reference value="Questionnaire/TAPS"/></reference><name value="Tobacco, Alcohol, Prescription medications, and other Substance use screen [TAPS] Questionnaire Example"/><description value="Tobacco, Alcohol, Prescription medications, and other Substance use screen [TAPS] questionnaire example. It is based on the on US Core [Screening and Assessments](http://hl7.org/fhir/us/core/screening-and-assessments.html) guidance using Questionnaire/QuestionnaireResponse resources."/><exampleBoolean value="true"/><groupingId value="Drugs"/></resource><resource><extension url="http://hl7.org/fhir/tools/StructureDefinition/resource-sort"><valueInteger value="999999999"/></extension><extension url="http://hl7.org/fhir/StructureDefinition/implementationguide-page"><valueUri value="QuestionnaireResponse-TAPS.html"/></extension><reference><reference value="QuestionnaireResponse/TAPS"/></reference><name value="Tobacco, Alcohol, Prescription medications, and other Substance use screen [TAPS] QuestionnaireResponse Example"/><description value="This is the [LHC Form](https://loinc.org/lhc-forms/)  Tobacco, Alcohol, Prescription medications, and other Substance use screen [TAPS] QuestionnaireResponse example. It is based on the on US Core [Screening and Assessments](http://hl7.org/fhir/us/core/screening-and-assessments.html) guidance using Questionnaire/QuestionnaireResponse resources."/><exampleCanonical value="http://hl7.org/fhir/us/core/StructureDefinition/us-core-questionnaireresponse"/><groupingId value="Drugs"/></resource><resource><extension url="http://hl7.org/fhir/tools/StructureDefinition/resource-sort"><valueInteger value="999999999"/></extension><extension url="http://hl7.org/fhir/StructureDefinition/implementationguide-page"><valueUri value="StructureDefinition-us-core-observation-lab.html"/></extension><reference><reference value="StructureDefinition/us-core-observation-lab"/></reference><name value="US Core Laboratory Result Observation Profile"/><description value="The US Core Laboratory Result Observation Profile is based upon the US Core Observation Clinical Result Profile and, along with the US Core DiagnosticReport Profile for Laboratory Results Reporting, meets the U.S. Core Data for Interoperability (USCDI) Laboratory requirements. Laboratory results are grouped and summarized using the DiagnosticReport resource, which references Observation resources. Each Observation resource represents an individual laboratory test and result value, a “nested” panel (such as a microbial susceptibility panel) that references other observations, or rarely a laboratory test with component result values. The US Core Laboratory Result Observation Profile sets minimum expectations for the Observation resource to record, search, and fetch laboratory test results associated with a patient to promote interoperability and adoption through common implementation. It identifies which core elements, extensions, vocabularies, and value sets SHALL be present in the resource and constrains the way the elements are used when using this profile. It provides the floor for standards development for specific use cases."/><exampleBoolean value="false"/><groupingId value="Labs"/></resource><resource><extension url="http://hl7.org/fhir/tools/StructureDefinition/resource-sort"><valueInteger value="999999999"/></extension><extension url="http://hl7.org/fhir/StructureDefinition/implementationguide-page"><valueUri value="StructureDefinition-us-core-specimen.html"/></extension><reference><reference value="StructureDefinition/us-core-specimen"/></reference><name value="US Core Specimen Profile"/><description value="This profile sets minimum expectations for the Specimen resource to record, search, and fetch &quot;substances being sampled or tested. (e.g., nasopharyngeal swab, whole blood, serum, urine, wound swab)&quot; associated with a patient to promote interoperability and adoption through common implementation.  It identifies which core elements, extensions, vocabularies, and value sets **SHALL** be present in the resource and constrains the way the elements are used when using this profile.  It provides the floor for standards development for specific use cases."/><exampleBoolean value="false"/><groupingId value="Labs"/></resource><resource><extension url="http://hl7.org/fhir/tools/StructureDefinition/resource-sort"><valueInteger value="999999999"/></extension><extension url="http://hl7.org/fhir/StructureDefinition/implementationguide-page"><valueUri value="Observation-serum-glucose.html"/></extension><reference><reference value="Observation/serum-glucose"/></reference><name value="Serum Glucose Example"/><description value="This is a serum glucose example for the *US Core Observation Lab Profile*."/><exampleCanonical value="http://www.fhir.org/guides/uscdi4-sandbox/StructureDefinition/us-core-observation-lab"/><groupingId value="Labs"/></resource><resource><extension url="http://hl7.org/fhir/tools/StructureDefinition/resource-sort"><valueInteger value="999999999"/></extension><extension url="http://hl7.org/fhir/StructureDefinition/implementationguide-page"><valueUri value="Specimen-example-serum-hemolyzed.html"/></extension><reference><reference value="Specimen/example-serum-hemolyzed"/></reference><name value="Hemolyzed Serum Specimen Example"/><description value="This is a serum specimen example for the *US Core Specimen Profile*. It demonstrates the use of the USCDI requirements for specimen condition and body source site."/><exampleCanonical value="http://www.fhir.org/guides/uscdi4-sandbox/StructureDefinition/us-core-specimen"/><groupingId value="Labs"/></resource><resource><extension url="http://hl7.org/fhir/tools/StructureDefinition/resource-sort"><valueInteger value="999999999"/></extension><extension url="http://hl7.org/fhir/StructureDefinition/implementationguide-page"><valueUri value="StructureDefinition-us-core-location.html"/></extension><reference><reference value="StructureDefinition/us-core-location"/></reference><name value="US Core Location Profile"/><description value="This profile sets minimum expectations for the Location resource for recording, searching, and fetching a &quot;physical place of available services or resources.&quot;  It identifies which core elements, extensions, vocabularies, and value sets **SHALL** be present and constrains how the elements are used when using the profile.  It provides the floor for standards development for specific use cases to promote interoperability and adoption through common implementation."/><exampleBoolean value="false"/><groupingId value="Facility"/></resource><resource><extension url="http://hl7.org/fhir/tools/StructureDefinition/resource-sort"><valueInteger value="999999999"/></extension><extension url="http://hl7.org/fhir/StructureDefinition/implementationguide-page"><valueUri value="Location-hospital.html"/></extension><reference><reference value="Location/hospital"/></reference><name value="Hospital Location"/><description value="This is an example hospital location for the *US Core Location Profile*."/><exampleCanonical value="http://www.fhir.org/guides/uscdi4-sandbox/StructureDefinition/us-core-location"/><groupingId value="Facility"/></resource><resource><extension url="http://hl7.org/fhir/tools/StructureDefinition/resource-sort"><valueInteger value="999999999"/></extension><extension url="http://hl7.org/fhir/StructureDefinition/implementationguide-page"><valueUri value="Observation-medication-adherence-oral-axid.html"/></extension><reference><reference value="Observation/medication-adherence-oral-axid"/></reference><name value="Observation Medication Adherence Oral Axid (Prescribed) Example"/><description value="This is a medication adherance for a prescribed  medication example using Observation.  Both the code and value use SNOMED CT and the MedicationRequest is reference using the basedOn element."/><exampleCanonical value="http://hl7.org/fhir/us/core/StructureDefinition/us-core-simple-observation"/><groupingId value="Medication"/></resource><resource><extension url="http://hl7.org/fhir/tools/StructureDefinition/resource-sort"><valueInteger value="999999999"/></extension><extension url="http://hl7.org/fhir/StructureDefinition/implementationguide-page"><valueUri value="Observation-medication-adherence-oral-axid-boolean.html"/></extension><reference><reference value="Observation/medication-adherence-oral-axid-boolean"/></reference><name value="Observation Medication Adherence Oral Axid (Prescribed) Using Boolean Code Value Pair Example"/><description value="This is a medication adherance for a prescribed  medication example using Observation.   The code uses LOINC with an Ordinal scale and value use boolean values and the MedicationRequest is reference using the basedOn element."/><exampleCanonical value="http://hl7.org/fhir/us/core/StructureDefinition/us-core-simple-observation"/><groupingId value="Medication"/></resource><resource><extension url="http://hl7.org/fhir/tools/StructureDefinition/resource-sort"><valueInteger value="999999999"/></extension><extension url="http://hl7.org/fhir/StructureDefinition/implementationguide-page"><valueUri value="Observation-medication-adherence-self-tylenol.html"/></extension><reference><reference value="Observation/medication-adherence-self-tylenol"/></reference><name value="Observation Medication Adherence Self Tylenol (OTC) Example"/><description value="This is a medication adherance for a self-prescribed OTC medication example using Observation.  Both the code and value use SNOMED CT and the MedicationRequest is reference using the basedOn element."/><exampleCanonical value="http://hl7.org/fhir/us/core/StructureDefinition/us-core-simple-observation"/><groupingId value="Medication"/></resource><resource><extension url="http://hl7.org/fhir/tools/StructureDefinition/resource-sort"><valueInteger value="999999999"/></extension><extension url="http://hl7.org/fhir/StructureDefinition/implementationguide-page"><valueUri value="StructureDefinition-us-core-medicationrequest-compliance-extension.html"/></extension><reference><reference value="StructureDefinition/us-core-medicationrequest-compliance-extension"/></reference><name value="US Core Medication Compliance Extension"/><description value="A MedicationRequest extension for indicating whether the medication is or is not being consumed or administered"/><exampleBoolean value="false"/><groupingId value="Medication"/></resource><resource><extension url="http://hl7.org/fhir/tools/StructureDefinition/resource-sort"><valueInteger value="999999999"/></extension><extension url="http://hl7.org/fhir/StructureDefinition/implementationguide-page"><valueUri value="MedicationRequest-coded-oral-axid-with-compliance.html"/></extension><reference><reference value="MedicationRequest/coded-oral-axid-with-compliance"/></reference><name value="MedicationRequest Coded Oral Axid with Compliance Extension Example"/><description value="This example demonstrates medication adherence for a prescribed medication example using an extension on the MedicationRequest. The extension value uses SNOMED CT."/><exampleCanonical value="http://hl7.org/fhir/us/core/StructureDefinition/us-core-medicationrequest"/><groupingId value="Medication"/></resource><resource><extension url="http://hl7.org/fhir/tools/StructureDefinition/resource-sort"><valueInteger value="999999999"/></extension><extension url="http://hl7.org/fhir/StructureDefinition/implementationguide-page"><valueUri value="MedicationRequest-self-tylenol-with-compliance.html"/></extension><reference><reference value="MedicationRequest/self-tylenol-with-compliance"/></reference><name value="MedicationRequest Self Tylenol with Compliance Extension Example"/><description value="This example demonstrates medication adherence for a self-prescribed Tylenol example for the using an extension on the MedicationRequest. The extension value uses SNOMED CT."/><exampleCanonical value="http://hl7.org/fhir/us/core/StructureDefinition/us-core-medicationrequest"/><groupingId value="Medication"/></resource><resource><extension url="http://hl7.org/fhir/tools/StructureDefinition/resource-sort"><valueInteger value="999999999"/></extension><extension url="http://hl7.org/fhir/StructureDefinition/implementationguide-page"><valueUri value="StructureDefinition-us-core-medicationstatement.html"/></extension><reference><reference value="StructureDefinition/us-core-medicationstatement"/></reference><name value="US Core MedicationStatement"/><description value="Profile of MedicationStatement to support medication adherence - record of a statement of whether a medication has been consumed according to instructions.&#xA;This profile sets minimum expectations for the MedicationStatement resource to record, search, and fetch a record of a statement of whether a medication has been consumed according to instructions.  It identifies which core elements, extensions, vocabularies, and value sets **SHALL** be present in the resource and constrains the way the elements are used when using this profile.  It provides the floor for standards development for specific use cases to promote interoperability and adoption through common implementation."/><exampleBoolean value="false"/><groupingId value="Medication"/></resource><resource><extension url="http://hl7.org/fhir/tools/StructureDefinition/resource-sort"><valueInteger value="999999999"/></extension><extension url="http://hl7.org/fhir/StructureDefinition/implementationguide-page"><valueUri value="ValueSet-uscore-medicationstatement-status.html"/></extension><reference><reference value="ValueSet/uscore-medicationstatement-status"/></reference><name value="US Core Medication Status Codes"/><description value="A code specifying the state of the statement.  Generally, this will be active or completed state.  This value set excludes the concept used internally by the FHIR specification, not-taken,on-hold,stopped, and unknown, because they are covered by the medication adherence extension."/><exampleBoolean value="false"/><groupingId value="Medication"/></resource><resource><extension url="http://hl7.org/fhir/tools/StructureDefinition/resource-sort"><valueInteger value="999999999"/></extension><extension url="http://hl7.org/fhir/StructureDefinition/implementationguide-page"><valueUri value="MedicationStatement-coded-oral-axid-with-compliance.html"/></extension><reference><reference value="MedicationStatement/coded-oral-axid-with-compliance"/></reference><name value="MedicationStatement Coded Oral Axid with Adherence Extension Example"/><description value="This example demonstrates medication adherence for a prescribed medication example using an R5 element extension on the MedicationStatement. The extension value uses MedicationStatement Adherence Codes."/><exampleCanonical value="http://www.fhir.org/guides/uscdi4-sandbox/StructureDefinition/us-core-medicationstatement"/><groupingId value="Medication"/></resource><resource><extension url="http://hl7.org/fhir/tools/StructureDefinition/resource-sort"><valueInteger value="999999999"/></extension><extension url="http://hl7.org/fhir/StructureDefinition/implementationguide-page"><valueUri value="MedicationStatement-self-tylenol-with-compliance.html"/></extension><reference><reference value="MedicationStatement/self-tylenol-with-compliance"/></reference><name value="MedicationStatement Self Tylenol with Compliance Extension Example"/><description value="This example demonstrates medication adherence for a self-prescribed Tylenol example for the using an extension on the MedicationRequest. The extension value uses MedicationStatement Adherence Codes."/><exampleCanonical value="http://www.fhir.org/guides/uscdi4-sandbox/StructureDefinition/us-core-medicationstatement"/><groupingId value="Medication"/></resource><resource><extension url="http://hl7.org/fhir/tools/StructureDefinition/resource-sort"><valueInteger value="999999999"/></extension><extension url="http://hl7.org/fhir/StructureDefinition/implementationguide-page"><valueUri value="StructureDefinition-us-core-care-experience-preference.html"/></extension><reference><reference value="StructureDefinition/us-core-care-experience-preference"/></reference><name value="US Core Care Experience Preference Profile"/><description value="To promote interoperability and adoption through common implementation, this profile sets minimum expectations for the Observation resource to record, search, and fetch for a patient's care experience preferences. It is based on the US Core Simple Profile and identifies which *additional* core elements, extensions, vocabularies, and value sets **SHALL** be present and constrains the way the elements are used when using the profile. It provides the floor for standards development for specific use cases."/><exampleBoolean value="false"/><groupingId value="Preferences"/></resource><resource><extension url="http://hl7.org/fhir/tools/StructureDefinition/resource-sort"><valueInteger value="999999999"/></extension><extension url="http://hl7.org/fhir/StructureDefinition/implementationguide-page"><valueUri value="ValueSet-uscore-care-experience-preference.html"/></extension><reference><reference value="ValueSet/uscore-care-experience-preference"/></reference><name value="US Core Care Experience Preference Codes"/><description value="A code representing an individual's care experience preferences."/><exampleBoolean value="false"/><groupingId value="Preferences"/></resource><resource><extension url="http://hl7.org/fhir/tools/StructureDefinition/resource-sort"><valueInteger value="999999999"/></extension><extension url="http://hl7.org/fhir/StructureDefinition/implementationguide-page"><valueUri value="Observation-care-experience-preference.html"/></extension><reference><reference value="Observation/care-experience-preference"/></reference><name value="Care Experience Preference Example"/><description value="This is an care experience preference example for the *Care Experience Profile*.  It is based on the *US Core Simple Observation Profile*."/><exampleCanonical value="http://www.fhir.org/guides/uscdi4-sandbox/StructureDefinition/us-core-care-experience-preference"/><groupingId value="Preferences"/></resource><resource><extension url="http://hl7.org/fhir/tools/StructureDefinition/resource-sort"><valueInteger value="999999999"/></extension><extension url="http://hl7.org/fhir/StructureDefinition/implementationguide-page"><valueUri value="StructureDefinition-us-core-treatment-intervention-preference.html"/></extension><reference><reference value="StructureDefinition/us-core-treatment-intervention-preference"/></reference><name value="US Core Treatment Intervention Preference Profile"/><description value="To promote interoperability and adoption through common implementation, this profile sets minimum expectations for the Observation resource to record, search, and fetch for a patient's treatment intervention preferences. It is based on the US Core Simple Profile and identifies which *additional* core elements, extensions, vocabularies, and value sets **SHALL** be present and constrains the way the elements are used when using the profile. It provides the floor for standards development for specific use cases."/><exampleBoolean value="false"/><groupingId value="Preferences"/></resource><resource><extension url="http://hl7.org/fhir/tools/StructureDefinition/resource-sort"><valueInteger value="999999999"/></extension><extension url="http://hl7.org/fhir/StructureDefinition/implementationguide-page"><valueUri value="ValueSet-uscore-treatment-intervention-preference.html"/></extension><reference><reference value="ValueSet/uscore-treatment-intervention-preference"/></reference><name value="US Core Treatment Intervention Preference ValueSet"/><description value="A code representing an individual's medical intervention (treatment) preferences."/><exampleBoolean value="false"/><groupingId value="Preferences"/></resource><resource><extension url="http://hl7.org/fhir/tools/StructureDefinition/resource-sort"><valueInteger value="999999999"/></extension><extension url="http://hl7.org/fhir/StructureDefinition/implementationguide-page"><valueUri value="CodeSystem-uscore-treatment-intervention-preference.html"/></extension><reference><reference value="CodeSystem/uscore-treatment-intervention-preference"/></reference><name value="US Core Treatment Intervention Preference CodeSystem"/><description value="A code representing an individual's medical intervention (treatment) preferences."/><exampleBoolean value="false"/><groupingId value="Preferences"/></resource><resource><extension url="http://hl7.org/fhir/tools/StructureDefinition/resource-sort"><valueInteger value="999999999"/></extension><extension url="http://hl7.org/fhir/StructureDefinition/implementationguide-page"><valueUri value="Observation-intervention-preference.html"/></extension><reference><reference value="Observation/intervention-preference"/></reference><name value="Treatment Intervention Preference Example"/><description value="This is an intervention preference example for the *Treatment Intervention Profile*.  It is based on the *US Core Simple Observation Profile*."/><exampleCanonical value="http://www.fhir.org/guides/uscdi4-sandbox/StructureDefinition/us-core-treatment-intervention-preference"/><groupingId value="Preferences"/></resource><page><extension url="http://hl7.org/fhir/StructureDefinition/structuredefinition-standards-status"><valueCode value="informative"/></extension><extension url="http://hl7.org/fhir/tools/StructureDefinition/ig-page-name"><valueUrl value="toc.html"/></extension><nameUrl value="toc.html"/><title value="Table of Contents"/><generation value="html"/><page><extension url="http://hl7.org/fhir/StructureDefinition/structuredefinition-standards-status"><valueCode value="draft"/></extension><extension url="http://hl7.org/fhir/tools/StructureDefinition/ig-page-name"><valueUrl value="index.html"/></extension><nameUrl value="index.html"/><title value="Home"/><generation value="markdown"/></page><page><extension url="http://hl7.org/fhir/StructureDefinition/structuredefinition-standards-status"><valueCode value="informative"/></extension><extension url="http://hl7.org/fhir/tools/StructureDefinition/ig-page-name"><valueUrl value="guidance.html"/></extension><nameUrl value="guidance.html"/><title value="Guidance"/><generation value="markdown"/></page><page><extension url="http://hl7.org/fhir/StructureDefinition/structuredefinition-standards-status"><valueCode value="informative"/></extension><extension url="http://hl7.org/fhir/tools/StructureDefinition/ig-page-name"><valueUrl value="downloads.html"/></extension><nameUrl value="downloads.html"/><title value="Downloads"/><generation value="markdown"/></page><page><extension url="http://hl7.org/fhir/StructureDefinition/structuredefinition-standards-status"><valueCode value="informative"/></extension><extension url="http://hl7.org/fhir/tools/StructureDefinition/ig-page-name"><valueUrl value="ImplementationGuide.html"/></extension><nameUrl value="ImplementationGuide.html"/><title value="USCDI4 Sandbox ImplementationGuide Resource"/><generation value="markdown"/></page><page><extension url="http://hl7.org/fhir/StructureDefinition/structuredefinition-standards-status"><valueCode value="informative"/></extension><extension url="http://hl7.org/fhir/tools/StructureDefinition/ig-page-name"><valueUrl value="changes.html"/></extension><nameUrl value="changes.html"/><title value="Change Log"/><generation value="markdown"/></page><page><extension url="http://hl7.org/fhir/tools/StructureDefinition/ig-page-name"><valueUrl value="artifacts.html"/></extension><nameUrl value="artifacts.html"/><title value="Artifacts Summary"/><generation value="html"/><page><extension url="http://hl7.org/fhir/tools/StructureDefinition/ig-page-name"><valueUrl value="StructureDefinition-us-core-average-blood-pressure.html"/></extension><nameUrl value="StructureDefinition-us-core-average-blood-pressure.html"/><title value="US Core Average Blood Pressure Profile"/><generation value="generated"/></page><page><extension url="http://hl7.org/fhir/tools/StructureDefinition/ig-page-name"><valueUrl value="Observation-average-blood-pressure.html"/></extension><nameUrl value="Observation-average-blood-pressure.html"/><title value="Average Blood Pressure Example"/><generation value="generated"/></page><page><extension url="http://hl7.org/fhir/tools/StructureDefinition/ig-page-name"><valueUrl value="Observation-EVS-item-example-68516-4.html"/></extension><nameUrl value="Observation-EVS-item-example-68516-4.html"/><title value="Evs Item Example 68516-4"/><generation value="generated"/></page><page><extension url="http://hl7.org/fhir/tools/StructureDefinition/ig-page-name"><valueUrl value="Observation-EVS-item-example-89555-7.html"/></extension><nameUrl value="Observation-EVS-item-example-89555-7.html"/><title value="Evs Item Example 89555-7"/><generation value="generated"/></page><page><extension url="http://hl7.org/fhir/tools/StructureDefinition/ig-page-name"><valueUrl value="Observation-EVS-panel-example-89574-8.html"/></extension><nameUrl value="Observation-EVS-panel-example-89574-8.html"/><title value="Evs Panel Example 89574-8"/><generation value="generated"/></page><page><extension url="http://hl7.org/fhir/tools/StructureDefinition/ig-page-name"><valueUrl value="Observation-exercise-per-day.html"/></extension><nameUrl value="Observation-exercise-per-day.html"/><title value="Exercise Per Day Example"/><generation value="generated"/></page><page><extension url="http://hl7.org/fhir/tools/StructureDefinition/ig-page-name"><valueUrl value="Observation-exercise-per-week.html"/></extension><nameUrl value="Observation-exercise-per-week.html"/><title value="Exercise Per Week Example"/><generation value="generated"/></page><page><extension url="http://hl7.org/fhir/tools/StructureDefinition/ig-page-name"><valueUrl value="Questionnaire-exercise-vital-sign.html"/></extension><nameUrl value="Questionnaire-exercise-vital-sign.html"/><title value="Exercise Vital Sign Questionnaire Example"/><generation value="generated"/></page><page><extension url="http://hl7.org/fhir/tools/StructureDefinition/ig-page-name"><valueUrl value="QuestionnaireResponse-exercise-vital-sign.html"/></extension><nameUrl value="QuestionnaireResponse-exercise-vital-sign.html"/><title value="Exercise Vital Sign QuestionnaireResponse Example"/><generation value="generated"/></page><page><extension url="http://hl7.org/fhir/tools/StructureDefinition/ig-page-name"><valueUrl value="Observation-alcohol-use-status.html"/></extension><nameUrl value="Observation-alcohol-use-status.html"/><title value="Alcohol Use Status Example"/><generation value="generated"/></page><page><extension url="http://hl7.org/fhir/tools/StructureDefinition/ig-page-name"><valueUrl value="Observation-alcoholic-drinks-per-day.html"/></extension><nameUrl value="Observation-alcoholic-drinks-per-day.html"/><title value="Alcoholic Drinks Per Day Example"/><generation value="generated"/></page><page><extension url="http://hl7.org/fhir/tools/StructureDefinition/ig-page-name"><valueUrl value="Observation-AUDIT-C-item-example-68517-2.html"/></extension><nameUrl value="Observation-AUDIT-C-item-example-68517-2.html"/><title value="Audit-C Item Example 68517-2"/><generation value="generated"/></page><page><extension url="http://hl7.org/fhir/tools/StructureDefinition/ig-page-name"><valueUrl value="Observation-AUDIT-C-item-example-68519-8.html"/></extension><nameUrl value="Observation-AUDIT-C-item-example-68519-8.html"/><title value="Audit-C Item Example 68519-8"/><generation value="generated"/></page><page><extension url="http://hl7.org/fhir/tools/StructureDefinition/ig-page-name"><valueUrl value="Observation-AUDIT-C-item-example-68520-6.html"/></extension><nameUrl value="Observation-AUDIT-C-item-example-68520-6.html"/><title value="Audit-C Item Example 68520-6"/><generation value="generated"/></page><page><extension url="http://hl7.org/fhir/tools/StructureDefinition/ig-page-name"><valueUrl value="Observation-AUDIT-C-item-example-75626-2.html"/></extension><nameUrl value="Observation-AUDIT-C-item-example-75626-2.html"/><title value="Audit-C Item Example 75626-2"/><generation value="generated"/></page><page><extension url="http://hl7.org/fhir/tools/StructureDefinition/ig-page-name"><valueUrl value="Observation-AUDIT-C-panel-example-72109-2.html"/></extension><nameUrl value="Observation-AUDIT-C-panel-example-72109-2.html"/><title value="Audit-C Panel Example 72109-2"/><generation value="generated"/></page><page><extension url="http://hl7.org/fhir/tools/StructureDefinition/ig-page-name"><valueUrl value="Questionnaire-AUDIT-C.html"/></extension><nameUrl value="Questionnaire-AUDIT-C.html"/><title value="Alcohol Use Disorder Identification Test - Consumption [AUDIT-C] Questionnaire Example"/><generation value="generated"/></page><page><extension url="http://hl7.org/fhir/tools/StructureDefinition/ig-page-name"><valueUrl value="QuestionnaireResponse-AUDIT-C.html"/></extension><nameUrl value="QuestionnaireResponse-AUDIT-C.html"/><title value="Alcohol Use Disorder Identification Test - Consumption [AUDIT-C] QuestionnaireResponse Example"/><generation value="generated"/></page><page><extension url="http://hl7.org/fhir/tools/StructureDefinition/ig-page-name"><valueUrl value="Observation-substance-use-status.html"/></extension><nameUrl value="Observation-substance-use-status.html"/><title value="Substance Use Status Example"/><generation value="generated"/></page><page><extension url="http://hl7.org/fhir/tools/StructureDefinition/ig-page-name"><valueUrl value="Observation-TAPS-item-example-75889-6.html"/></extension><nameUrl value="Observation-TAPS-item-example-75889-6.html"/><title value="Taps Item Example 75889-6"/><generation value="generated"/></page><page><extension url="http://hl7.org/fhir/tools/StructureDefinition/ig-page-name"><valueUrl value="Observation-TAPS-item-example-88037-7.html"/></extension><nameUrl value="Observation-TAPS-item-example-88037-7.html"/><title value="Taps Item Example 88037-7"/><generation value="generated"/></page><page><extension url="http://hl7.org/fhir/tools/StructureDefinition/ig-page-name"><valueUrl value="Observation-TAPS-item-example-96842-0.html"/></extension><nameUrl value="Observation-TAPS-item-example-96842-0.html"/><title value="Taps Item Example 96842-0"/><generation value="generated"/></page><page><extension url="http://hl7.org/fhir/tools/StructureDefinition/ig-page-name"><valueUrl value="Observation-TAPS-item-example-96843-8.html"/></extension><nameUrl value="Observation-TAPS-item-example-96843-8.html"/><title value="Taps Item Example 96843-8"/><generation value="generated"/></page><page><extension url="http://hl7.org/fhir/tools/StructureDefinition/ig-page-name"><valueUrl value="Observation-TAPS-item-example-96844-6.html"/></extension><nameUrl value="Observation-TAPS-item-example-96844-6.html"/><title value="Taps Item Example 96844-6"/><generation value="generated"/></page><page><extension url="http://hl7.org/fhir/tools/StructureDefinition/ig-page-name"><valueUrl value="Observation-TAPS-panel-example-96841-2.html"/></extension><nameUrl value="Observation-TAPS-panel-example-96841-2.html"/><title value="Taps Panel Example 96841-2"/><generation value="generated"/></page><page><extension url="http://hl7.org/fhir/tools/StructureDefinition/ig-page-name"><valueUrl value="Questionnaire-TAPS.html"/></extension><nameUrl value="Questionnaire-TAPS.html"/><title value="Tobacco, Alcohol, Prescription medications, and other Substance use screen [TAPS] Questionnaire Example"/><generation value="generated"/></page><page><extension url="http://hl7.org/fhir/tools/StructureDefinition/ig-page-name"><valueUrl value="QuestionnaireResponse-TAPS.html"/></extension><nameUrl value="QuestionnaireResponse-TAPS.html"/><title value="Tobacco, Alcohol, Prescription medications, and other Substance use screen [TAPS] QuestionnaireResponse Example"/><generation value="generated"/></page><page><extension url="http://hl7.org/fhir/tools/StructureDefinition/ig-page-name"><valueUrl value="StructureDefinition-us-core-observation-lab.html"/></extension><nameUrl value="StructureDefinition-us-core-observation-lab.html"/><title value="US Core Laboratory Result Observation Profile"/><generation value="generated"/></page><page><extension url="http://hl7.org/fhir/tools/StructureDefinition/ig-page-name"><valueUrl value="StructureDefinition-us-core-specimen.html"/></extension><nameUrl value="StructureDefinition-us-core-specimen.html"/><title value="US Core Specimen Profile"/><generation value="generated"/></page><page><extension url="http://hl7.org/fhir/tools/StructureDefinition/ig-page-name"><valueUrl value="Observation-serum-glucose.html"/></extension><nameUrl value="Observation-serum-glucose.html"/><title value="Serum Glucose Example"/><generation value="generated"/></page><page><extension url="http://hl7.org/fhir/tools/StructureDefinition/ig-page-name"><valueUrl value="Specimen-example-serum-hemolyzed.html"/></extension><nameUrl value="Specimen-example-serum-hemolyzed.html"/><title value="Hemolyzed Serum Specimen Example"/><generation value="generated"/></page><page><extension url="http://hl7.org/fhir/tools/StructureDefinition/ig-page-name"><valueUrl value="StructureDefinition-us-core-location.html"/></extension><nameUrl value="StructureDefinition-us-core-location.html"/><title value="US Core Location Profile"/><generation value="generated"/></page><page><extension url="http://hl7.org/fhir/tools/StructureDefinition/ig-page-name"><valueUrl value="Location-hospital.html"/></extension><nameUrl value="Location-hospital.html"/><title value="Hospital Location"/><generation value="generated"/></page><page><extension url="http://hl7.org/fhir/tools/StructureDefinition/ig-page-name"><valueUrl value="Observation-medication-adherence-oral-axid.html"/></extension><nameUrl value="Observation-medication-adherence-oral-axid.html"/><title value="Observation Medication Adherence Oral Axid (Prescribed) Example"/><generation value="generated"/></page><page><extension url="http://hl7.org/fhir/tools/StructureDefinition/ig-page-name"><valueUrl value="Observation-medication-adherence-oral-axid-boolean.html"/></extension><nameUrl value="Observation-medication-adherence-oral-axid-boolean.html"/><title value="Observation Medication Adherence Oral Axid (Prescribed) Using Boolean Code Value Pair Example"/><generation value="generated"/></page><page><extension url="http://hl7.org/fhir/tools/StructureDefinition/ig-page-name"><valueUrl value="Observation-medication-adherence-self-tylenol.html"/></extension><nameUrl value="Observation-medication-adherence-self-tylenol.html"/><title value="Observation Medication Adherence Self Tylenol (OTC) Example"/><generation value="generated"/></page><page><extension url="http://hl7.org/fhir/tools/StructureDefinition/ig-page-name"><valueUrl value="StructureDefinition-us-core-medicationrequest-compliance-extension.html"/></extension><nameUrl value="StructureDefinition-us-core-medicationrequest-compliance-extension.html"/><title value="US Core Medication Compliance Extension"/><generation value="generated"/></page><page><extension url="http://hl7.org/fhir/tools/StructureDefinition/ig-page-name"><valueUrl value="MedicationRequest-coded-oral-axid-with-compliance.html"/></extension><nameUrl value="MedicationRequest-coded-oral-axid-with-compliance.html"/><title value="MedicationRequest Coded Oral Axid with Compliance Extension Example"/><generation value="generated"/></page><page><extension url="http://hl7.org/fhir/tools/StructureDefinition/ig-page-name"><valueUrl value="MedicationRequest-self-tylenol-with-compliance.html"/></extension><nameUrl value="MedicationRequest-self-tylenol-with-compliance.html"/><title value="MedicationRequest Self Tylenol with Compliance Extension Example"/><generation value="generated"/></page><page><extension url="http://hl7.org/fhir/tools/StructureDefinition/ig-page-name"><valueUrl value="StructureDefinition-us-core-medicationstatement.html"/></extension><nameUrl value="StructureDefinition-us-core-medicationstatement.html"/><title value="US Core MedicationStatement"/><generation value="generated"/></page><page><extension url="http://hl7.org/fhir/tools/StructureDefinition/ig-page-name"><valueUrl value="ValueSet-uscore-medicationstatement-status.html"/></extension><nameUrl value="ValueSet-uscore-medicationstatement-status.html"/><title value="US Core Medication Status Codes"/><generation value="generated"/></page><page><extension url="http://hl7.org/fhir/tools/StructureDefinition/ig-page-name"><valueUrl value="MedicationStatement-coded-oral-axid-with-compliance.html"/></extension><nameUrl value="MedicationStatement-coded-oral-axid-with-compliance.html"/><title value="MedicationStatement Coded Oral Axid with Adherence Extension Example"/><generation value="generated"/></page><page><extension url="http://hl7.org/fhir/tools/StructureDefinition/ig-page-name"><valueUrl value="MedicationStatement-self-tylenol-with-compliance.html"/></extension><nameUrl value="MedicationStatement-self-tylenol-with-compliance.html"/><title value="MedicationStatement Self Tylenol with Compliance Extension Example"/><generation value="generated"/></page><page><extension url="http://hl7.org/fhir/tools/StructureDefinition/ig-page-name"><valueUrl value="StructureDefinition-us-core-care-experience-preference.html"/></extension><nameUrl value="StructureDefinition-us-core-care-experience-preference.html"/><title value="US Core Care Experience Preference Profile"/><generation value="generated"/></page><page><extension url="http://hl7.org/fhir/tools/StructureDefinition/ig-page-name"><valueUrl value="ValueSet-uscore-care-experience-preference.html"/></extension><nameUrl value="ValueSet-uscore-care-experience-preference.html"/><title value="US Core Care Experience Preference Codes"/><generation value="generated"/></page><page><extension url="http://hl7.org/fhir/tools/StructureDefinition/ig-page-name"><valueUrl value="Observation-care-experience-preference.html"/></extension><nameUrl value="Observation-care-experience-preference.html"/><title value="Care Experience Preference Example"/><generation value="generated"/></page><page><extension url="http://hl7.org/fhir/tools/StructureDefinition/ig-page-name"><valueUrl value="StructureDefinition-us-core-treatment-intervention-preference.html"/></extension><nameUrl value="StructureDefinition-us-core-treatment-intervention-preference.html"/><title value="US Core Treatment Intervention Preference Profile"/><generation value="generated"/></page><page><extension url="http://hl7.org/fhir/tools/StructureDefinition/ig-page-name"><valueUrl value="ValueSet-uscore-treatment-intervention-preference.html"/></extension><nameUrl value="ValueSet-uscore-treatment-intervention-preference.html"/><title value="US Core Treatment Intervention Preference ValueSet"/><generation value="generated"/></page><page><extension url="http://hl7.org/fhir/tools/StructureDefinition/ig-page-name"><valueUrl value="CodeSystem-uscore-treatment-intervention-preference.html"/></extension><nameUrl value="CodeSystem-uscore-treatment-intervention-preference.html"/><title value="US Core Treatment Intervention Preference CodeSystem"/><generation value="generated"/></page><page><extension url="http://hl7.org/fhir/tools/StructureDefinition/ig-page-name"><valueUrl value="Observation-intervention-preference.html"/></extension><nameUrl value="Observation-intervention-preference.html"/><title value="Treatment Intervention Preference Example"/><generation value="generated"/></page></page></page><parameter><code value="path-resource"/><value value="input/resources"/></parameter><parameter><code value="path-resource"/><value value="fsh-generated/resources"/></parameter><parameter><code value="path-resource"/><value value="input/intro-notes"/></parameter><parameter><code value="path-resource"/><value value="input/capabilities"/></parameter><parameter><code value="path-resource"/><value value="input/examples"/></parameter><parameter><code value="path-resource"/><value value="input/extensions"/></parameter><parameter><code value="path-resource"/><value value="input/models"/></parameter><parameter><code value="path-resource"/><value value="input/operations"/></parameter><parameter><code value="path-resource"/><value value="input/profiles"/></parameter><parameter><code value="path-resource"/><value value="input/vocabulary"/></parameter><parameter><code value="path-resource"/><value value="input/testing"/></parameter><parameter><code value="path-resource"/><value value="input/history"/></parameter><parameter><code value="path-pages"/><value value="template/config"/></parameter><parameter><code value="path-pages"/><value value="input/images"/></parameter><parameter><code value="path-tx-cache"/><value value="input-cache/txcache"/></parameter></definition></ImplementationGuide>