<?xml version="1.0" encoding="UTF-8"?><ValueSet xmlns="http://hl7.org/fhir"><id value="uscore-treatment-intervention-preference"/><text><status value="generated"/><div xmlns="http://www.w3.org/1999/xhtml"><ul><li>Include all codes defined in <a href="CodeSystem-uscore-treatment-intervention-preference.html"><code>http://www.fhir.org/guides/uscdi4-sandbox/CodeSystem/uscore-treatment-intervention-preference</code></a></li></ul></div></text><extension url="http://hl7.org/fhir/StructureDefinition/structuredefinition-fmm"><valueInteger value="1"><extension url="http://hl7.org/fhir/StructureDefinition/structuredefinition-conformance-derivedFrom"><valueCanonical value="http://www.fhir.org/guides/uscdi4-sandbox/ImplementationGuide/uscdi4-sandbox"/></extension></valueInteger></extension><extension url="http://hl7.org/fhir/StructureDefinition/structuredefinition-standards-status"><valueCode value="trial-use"><extension url="http://hl7.org/fhir/StructureDefinition/structuredefinition-conformance-derivedFrom"><valueCanonical value="http://www.fhir.org/guides/uscdi4-sandbox/ImplementationGuide/uscdi4-sandbox"/></extension></valueCode></extension><url value="http://www.fhir.org/guides/uscdi4-sandbox/ValueSet/uscore-treatment-intervention-preference"/><version value="0.0.0"/><name value="USCoreTreatmentInterventionPreferencValueSet"/><title value="US Core Treatment Intervention Preference ValueSet"/><status value="draft"/><experimental value="false"/><date value="2023-08-15"/><publisher value="Health eData Inc"/><contact><telecom><system value="email"/><value value="mailto:ehaas@healthedatainc.com"/></telecom></contact><description value="A code representing an individual's medical intervention (treatment) preferences."/><jurisdiction><coding><system value="urn:iso:std:iso:3166"/><code value="US"/></coding></jurisdiction><compose><include><system value="http://www.fhir.org/guides/uscdi4-sandbox/CodeSystem/uscore-treatment-intervention-preference"/></include></compose></ValueSet>