[
  {
    "id" : "exercise-vital-sign",
    "type" : "Questionnaire",
    "url" : "http://hl7.org/fhir/us/core/Questionnaire/exercise-vital-sign",
    "version" : "0.0.0",
    "name" : "ExerciseVitalSign"
  },
  {
    "id" : "uscdi4-sandbox",
    "type" : "ImplementationGuide",
    "url" : "http://www.fhir.org/guides/uscdi4-sandbox/ImplementationGuide/uscdi4-sandbox",
    "version" : "0.0.0",
    "name" : "USCDI4_1Sandbox"
  },
  {
    "id" : "us-core-average-blood-pressure",
    "type" : "StructureDefinition",
    "url" : "http://www.fhir.org/guides/uscdi4-sandbox/StructureDefinition/us-core-average-blood-pressure",
    "version" : "0.0.0",
    "name" : "USCoreAverageBloodPressureProfile"
  }
]
