[
  {
    "id" : "uscore-treatment-intervention-preference",
    "type" : "CodeSystem",
    "url" : "http://hl7.org/fhir/us/core/CodeSystem/uscore-treatment-intervention-preference",
    "version" : "0.0.0",
    "name" : "USCoreTreatmentInterventionPreferenceCodeSystem"
  },
  {
    "id" : "AUDIT-C",
    "type" : "Questionnaire",
    "url" : "http://hl7.org/fhir/us/core/Questionnaire/AUDIT-C",
    "version" : "0.0.0",
    "name" : "AUDIT_C"
  },
  {
    "id" : "TAPS",
    "type" : "Questionnaire",
    "url" : "http://hl7.org/fhir/us/core/Questionnaire/TAPS",
    "version" : "0.0.0",
    "name" : "TAPS"
  },
  {
    "id" : "exercise-vital-sign",
    "type" : "Questionnaire",
    "url" : "http://hl7.org/fhir/us/core/Questionnaire/exercise-vital-sign",
    "version" : "0.0.0",
    "name" : "ExerciseVitalSign"
  },
  {
    "id" : "us-core-average-blood-pressure",
    "type" : "StructureDefinition",
    "url" : "http://hl7.org/fhir/us/core/StructureDefinition/us-core-average-blood-pressure",
    "version" : "0.0.0",
    "name" : "USCoreAverageBloodPressureProfile"
  },
  {
    "id" : "us-core-care-experience-preference",
    "type" : "StructureDefinition",
    "url" : "http://hl7.org/fhir/us/core/StructureDefinition/us-core-care-experience-preference",
    "version" : "0.0.0",
    "name" : "USCoreCareExperiencePreferenceProfile"
  },
  {
    "id" : "us-core-medication-adherence",
    "type" : "StructureDefinition",
    "url" : "http://hl7.org/fhir/us/core/StructureDefinition/us-core-medication-adherence",
    "version" : "0.0.0",
    "name" : "USCoreMedicationAdherenceExtension"
  },
  {
    "id" : "us-core-patient",
    "type" : "StructureDefinition",
    "url" : "http://hl7.org/fhir/us/core/StructureDefinition/us-core-patient",
    "version" : "0.0.0",
    "name" : "USCorePatientProfile"
  },
  {
    "id" : "us-core-treatment-intervention-preference",
    "type" : "StructureDefinition",
    "url" : "http://hl7.org/fhir/us/core/StructureDefinition/us-core-treatment-intervention-preference",
    "version" : "0.0.0",
    "name" : "USCoreTreatmentInterventionPreferenceProfile"
  },
  {
    "id" : "uscore-treatment-intervention-preference",
    "type" : "ValueSet",
    "url" : "http://hl7.org/fhir/us/core/ValueSet/uscore-treatment-intervention-preference",
    "version" : "0.0.0",
    "name" : "USCoreTreatmentInterventionPreferencValueSet"
  },
  {
    "id" : "uscdi4-sandbox",
    "type" : "ImplementationGuide",
    "url" : "http://www.fhir.org/guides/uscdi4-sandbox/ImplementationGuide/uscdi4-sandbox",
    "version" : "0.0.0",
    "name" : "USCDI4_1Sandbox"
  },
  {
    "id" : "us-core-location",
    "type" : "StructureDefinition",
    "url" : "http://www.fhir.org/guides/uscdi4-sandbox/StructureDefinition/us-core-location",
    "version" : "0.0.0",
    "name" : "USCoreLocation"
  },
  {
    "id" : "us-core-medicationstatement",
    "type" : "StructureDefinition",
    "url" : "http://www.fhir.org/guides/uscdi4-sandbox/StructureDefinition/us-core-medicationstatement",
    "version" : "0.0.0",
    "name" : "USCoreMedicationStatement"
  },
  {
    "id" : "us-core-observation-lab",
    "type" : "StructureDefinition",
    "url" : "http://www.fhir.org/guides/uscdi4-sandbox/StructureDefinition/us-core-observation-lab",
    "version" : "0.0.0",
    "name" : "USCoreLaboratoryResultObservationProfile"
  },
  {
    "id" : "us-core-specimen",
    "type" : "StructureDefinition",
    "url" : "http://www.fhir.org/guides/uscdi4-sandbox/StructureDefinition/us-core-specimen",
    "version" : "0.0.0",
    "name" : "USCoreSpecimenProfile"
  },
  {
    "id" : "uscore-care-experience-preference",
    "type" : "ValueSet",
    "url" : "http://www.fhir.org/guides/uscdi4-sandbox/ValueSet/uscore-care-experience-preference",
    "version" : "0.0.0",
    "name" : "USCoreCareExperiencePreference"
  },
  {
    "id" : "uscore-medicationstatement-status",
    "type" : "ValueSet",
    "url" : "http://www.fhir.org/guides/uscdi4-sandbox/ValueSet/uscore-medicationstatement-status",
    "version" : "0.0.0",
    "name" : "USCoreMedicationstatementStatus"
  }
]
