{
  "resourceType" : "Bundle",
  "id" : "8da042fe-3b9b-417e-a3ac-293c09943961",
  "meta" : {
    "lastUpdated" : "2023-10-31T19:05:13.344+00:00"
  },
  "type" : "collection",
  "entry" : [{
    "fullUrl" : "http://www.fhir.org/guides/uscdi4-sandbox/ValueSet/uscore-care-experience-preference",
    "resource" : {
      "resourceType" : "ValueSet",
      "text" : {
        "status" : "generated",
        "div" : "<div xmlns=\"http://www.w3.org/1999/xhtml\"><p>This value set contains 1 concepts</p><div style=\"border: black 1px dotted; background-color: #EEEEEE; padding: 8px; margin-bottom: 8px\"><p>Expansion based on: </p><ul><li>Loinc v2.74</li><li>Loinc v2.74</li></ul></div><table class=\"codes\"><tr><td style=\"white-space:nowrap\"><b>Code</b></td><td><b>System</b></td><td><b>Display</b></td></tr><tr><td style=\"white-space:nowrap\"><a name=\"http---loinc.org-95541-9\"> </a>\u00a0\u00a0<a href=\"https://loinc.org/95541-9/\">95541-9</a></td><td>http://loinc.org</td><td>Care experience preference</td></tr></table></div>"
      },
      "url" : "http://www.fhir.org/guides/uscdi4-sandbox/ValueSet/uscore-care-experience-preference",
      "version" : "0.0.0",
      "name" : "USCoreCareExperiencePreference",
      "title" : "US Core Care Experience Preference Codes",
      "status" : "draft",
      "experimental" : false,
      "date" : "2023-08-15",
      "jurisdiction" : [{
        "coding" : [{
          "system" : "urn:iso:std:iso:3166",
          "code" : "US"
        }]
      }],
      "expansion" : {
        "identifier" : "urn:uuid:334868c1-1454-438c-8438-eaf24ab6a40f",
        "timestamp" : "2023-10-31T19:06:38+00:00",
        "total" : 1,
        "parameter" : [{
          "name" : "excludeNested",
          "valueBoolean" : false
        },
        {
          "name" : "used-valueset",
          "valueUri" : "null"
        },
        {
          "name" : "limitedExpansion",
          "valueBoolean" : true
        },
        {
          "name" : "used-codesystem",
          "valueUri" : "http://loinc.org|2.74"
        },
        {
          "name" : "version",
          "valueUri" : "http://loinc.org|2.74"
        }],
        "contains" : [{
          "system" : "http://loinc.org",
          "code" : "95541-9",
          "display" : "Care experience preference"
        }]
      }
    }
  },
  {
    "fullUrl" : "http://hl7.org/fhir/us/core/ValueSet/uscore-common-sdoh-assessments",
    "resource" : {
      "resourceType" : "ValueSet",
      "text" : {
        "status" : "generated",
        "div" : "<div xmlns=\"http://www.w3.org/1999/xhtml\"><p>This value set contains 16 concepts</p><div style=\"border: black 1px dotted; background-color: #EEEEEE; padding: 8px; margin-bottom: 8px\"><p>Expansion based on: </p><ul><li>Loinc v2.74</li><li>Loinc v2.74</li></ul></div><table class=\"codes\"><tr><td style=\"white-space:nowrap\"><b>Code</b></td><td><b>System</b></td><td><b>Display</b></td></tr><tr><td style=\"white-space:nowrap\"><a name=\"http---loinc.org-88123-5\"> </a>\u00a0\u00a0<a href=\"https://loinc.org/88123-5/\">88123-5</a></td><td>http://loinc.org</td><td>Within the past 12 months the food we bought just didn't last and we didn't have money to get more [U.S. FSS]</td></tr><tr><td style=\"white-space:nowrap\"><a name=\"http---loinc.org-88122-7\"> </a>\u00a0\u00a0<a href=\"https://loinc.org/88122-7/\">88122-7</a></td><td>http://loinc.org</td><td>Within the past 12 months we worried whether our food would run out before we got money to buy more [U.S. FSS]</td></tr><tr><td style=\"white-space:nowrap\"><a name=\"http---loinc.org-96779-4\"> </a>\u00a0\u00a0<a href=\"https://loinc.org/96779-4/\">96779-4</a></td><td>http://loinc.org</td><td>Has the electric, gas, oil, or water company threatened to shut off services in your home in past 12 months</td></tr><tr><td style=\"white-space:nowrap\"><a name=\"http---loinc.org-71802-3\"> </a>\u00a0\u00a0<a href=\"https://loinc.org/71802-3/\">71802-3</a></td><td>http://loinc.org</td><td>Housing status</td></tr><tr><td style=\"white-space:nowrap\"><a name=\"http---loinc.org-93029-7\"> </a>\u00a0\u00a0<a href=\"https://loinc.org/93029-7/\">93029-7</a></td><td>http://loinc.org</td><td>How often do you see or talk to people that you care about and feel close to [PRAPARE]</td></tr><tr><td style=\"white-space:nowrap\"><a name=\"http---loinc.org-76437-3\"> </a>\u00a0\u00a0<a href=\"https://loinc.org/76437-3/\">76437-3</a></td><td>http://loinc.org</td><td>Primary insurance</td></tr><tr><td style=\"white-space:nowrap\"><a name=\"http---loinc.org-81375-8\"> </a>\u00a0\u00a0<a href=\"https://loinc.org/81375-8/\">81375-8</a></td><td>http://loinc.org</td><td>Self assessment of health status [Reported]</td></tr><tr><td style=\"white-space:nowrap\"><a name=\"http---loinc.org-93038-8\"> </a>\u00a0\u00a0<a href=\"https://loinc.org/93038-8/\">93038-8</a></td><td>http://loinc.org</td><td>Stress level</td></tr><tr><td style=\"white-space:nowrap\"><a name=\"http---loinc.org-96780-2\"> </a>\u00a0\u00a0<a href=\"https://loinc.org/96780-2/\">96780-2</a></td><td>http://loinc.org</td><td>Wants help finding or keeping work or a job</td></tr><tr><td style=\"white-space:nowrap\"><a name=\"http---loinc.org-67875-5\"> </a>\u00a0\u00a0<a href=\"https://loinc.org/67875-5/\">67875-5</a></td><td>http://loinc.org</td><td>Employment status - current</td></tr><tr><td style=\"white-space:nowrap\"><a name=\"http---loinc.org-95618-5\"> </a>\u00a0\u00a0<a href=\"https://loinc.org/95618-5/\">95618-5</a></td><td>http://loinc.org</td><td>Physically hurt you [HITS]</td></tr><tr><td style=\"white-space:nowrap\"><a name=\"http---loinc.org-93031-3\"> </a>\u00a0\u00a0<a href=\"https://loinc.org/93031-3/\">93031-3</a></td><td>http://loinc.org</td><td>Have you or any family members you live with been unable to get any of the following when it was really needed in past 1 year [PRAPARE]</td></tr><tr><td style=\"white-space:nowrap\"><a name=\"http---loinc.org-93030-5\"> </a>\u00a0\u00a0<a href=\"https://loinc.org/93030-5/\">93030-5</a></td><td>http://loinc.org</td><td>Has lack of transportation kept you from medical appointments, meetings, work, or from getting things needed for daily living</td></tr><tr><td style=\"white-space:nowrap\"><a name=\"http---loinc.org-63586-2\"> </a>\u00a0\u00a0<a href=\"https://loinc.org/63586-2/\">63586-2</a></td><td>http://loinc.org</td><td>What was your best estimate of the total income of all family members from all sources, before taxes, in last year [PhenX]</td></tr><tr><td style=\"white-space:nowrap\"><a name=\"http---loinc.org-96782-8\"> </a>\u00a0\u00a0<a href=\"https://loinc.org/96782-8/\">96782-8</a></td><td>http://loinc.org</td><td>Wants help with school or training</td></tr><tr><td style=\"white-space:nowrap\"><a name=\"http---loinc.org-93677-3\"> </a>\u00a0\u00a0<a href=\"https://loinc.org/93677-3/\">93677-3</a></td><td>http://loinc.org</td><td>Do you need help with legal issues [WellRx]</td></tr></table></div>"
      },
      "url" : "http://hl7.org/fhir/us/core/ValueSet/uscore-common-sdoh-assessments",
      "version" : "0.0.0",
      "name" : "USCoreCommonSDOHAssessments",
      "title" : "US Core Common SDOH Assessments ValueSet",
      "status" : "active",
      "experimental" : true,
      "date" : "2021-11-15",
      "jurisdiction" : [{
        "coding" : [{
          "system" : "urn:iso:std:iso:3166",
          "code" : "US"
        }]
      }],
      "expansion" : {
        "identifier" : "urn:uuid:eb36874c-f7e0-42d8-8646-cda0a9b1af4e",
        "timestamp" : "2023-10-31T19:06:38+00:00",
        "total" : 16,
        "parameter" : [{
          "name" : "excludeNested",
          "valueBoolean" : false
        },
        {
          "name" : "used-valueset",
          "valueUri" : "null"
        },
        {
          "name" : "limitedExpansion",
          "valueBoolean" : true
        },
        {
          "name" : "used-codesystem",
          "valueUri" : "http://loinc.org|2.74"
        },
        {
          "name" : "version",
          "valueUri" : "http://loinc.org|2.74"
        }],
        "contains" : [{
          "system" : "http://loinc.org",
          "code" : "88123-5",
          "display" : "Within the past 12 months the food we bought just didn't last and we didn't have money to get more [U.S. FSS]"
        },
        {
          "system" : "http://loinc.org",
          "code" : "88122-7",
          "display" : "Within the past 12 months we worried whether our food would run out before we got money to buy more [U.S. FSS]"
        },
        {
          "system" : "http://loinc.org",
          "code" : "96779-4",
          "display" : "Has the electric, gas, oil, or water company threatened to shut off services in your home in past 12 months"
        },
        {
          "system" : "http://loinc.org",
          "code" : "71802-3",
          "display" : "Housing status"
        },
        {
          "system" : "http://loinc.org",
          "code" : "93029-7",
          "display" : "How often do you see or talk to people that you care about and feel close to [PRAPARE]"
        },
        {
          "system" : "http://loinc.org",
          "code" : "76437-3",
          "display" : "Primary insurance"
        },
        {
          "system" : "http://loinc.org",
          "code" : "81375-8",
          "display" : "Self assessment of health status [Reported]"
        },
        {
          "system" : "http://loinc.org",
          "code" : "93038-8",
          "display" : "Stress level"
        },
        {
          "system" : "http://loinc.org",
          "code" : "96780-2",
          "display" : "Wants help finding or keeping work or a job"
        },
        {
          "system" : "http://loinc.org",
          "code" : "67875-5",
          "display" : "Employment status - current"
        },
        {
          "system" : "http://loinc.org",
          "code" : "95618-5",
          "display" : "Physically hurt you [HITS]"
        },
        {
          "system" : "http://loinc.org",
          "code" : "93031-3",
          "display" : "Have you or any family members you live with been unable to get any of the following when it was really needed in past 1 year [PRAPARE]"
        },
        {
          "system" : "http://loinc.org",
          "code" : "93030-5",
          "display" : "Has lack of transportation kept you from medical appointments, meetings, work, or from getting things needed for daily living"
        },
        {
          "system" : "http://loinc.org",
          "code" : "63586-2",
          "display" : "What was your best estimate of the total income of all family members from all sources, before taxes, in last year [PhenX]"
        },
        {
          "system" : "http://loinc.org",
          "code" : "96782-8",
          "display" : "Wants help with school or training"
        },
        {
          "system" : "http://loinc.org",
          "code" : "93677-3",
          "display" : "Do you need help with legal issues [WellRx]"
        }]
      }
    }
  },
  {
    "fullUrl" : "http://www.fhir.org/guides/uscdi4-sandbox/ValueSet/uscore-medicationstatement-status",
    "resource" : {
      "resourceType" : "ValueSet",
      "text" : {
        "status" : "generated",
        "div" : "<div xmlns=\"http://www.w3.org/1999/xhtml\"><p>This value set contains 4 concepts</p><p style=\"border: black 1px dotted; background-color: #EEEEEE; padding: 8px; margin-bottom: 8px\">Expansion based on <a href=\"http://hl7.org/fhir/R4/codesystem-medication-statement-status.html\">codesystem Medication  status  codes v4.0.1 (CodeSystem)</a></p><table class=\"codes\"><tr><td style=\"white-space:nowrap\"><b>Code</b></td><td><b>System</b></td><td><b>Display</b></td><td><b>Definition</b></td></tr><tr><td style=\"white-space:nowrap\"><a name=\"http---hl7.org-fhir-CodeSystem-medication-statement-status-active\"> </a>\u00a0\u00a0<a href=\"http://hl7.org/fhir/R4/codesystem-medication-statement-status.html#medication-statement-status-active\">active</a></td><td>http://hl7.org/fhir/CodeSystem/medication-statement-status</td><td>Active</td><td><div><p>The medication is still being taken.</p>\n</div></td></tr><tr><td style=\"white-space:nowrap\"><a name=\"http---hl7.org-fhir-CodeSystem-medication-statement-status-completed\"> </a>\u00a0\u00a0<a href=\"http://hl7.org/fhir/R4/codesystem-medication-statement-status.html#medication-statement-status-completed\">completed</a></td><td>http://hl7.org/fhir/CodeSystem/medication-statement-status</td><td>Completed</td><td><div><p>The medication is no longer being taken.</p>\n</div></td></tr><tr><td style=\"white-space:nowrap\"><a name=\"http---hl7.org-fhir-CodeSystem-medication-statement-status-entered-in-error\"> </a>\u00a0\u00a0<a href=\"http://hl7.org/fhir/R4/codesystem-medication-statement-status.html#medication-statement-status-entered-in-error\">entered-in-error</a></td><td>http://hl7.org/fhir/CodeSystem/medication-statement-status</td><td>Entered in Error</td><td><div><p>Some of the actions that are implied by the medication statement may have occurred.  For example, the patient may have taken some of the medication.  Clinical decision support systems should take this status into account.</p>\n</div></td></tr><tr><td style=\"white-space:nowrap\"><a name=\"http---hl7.org-fhir-CodeSystem-medication-statement-status-intended\"> </a>\u00a0\u00a0<a href=\"http://hl7.org/fhir/R4/codesystem-medication-statement-status.html#medication-statement-status-intended\">intended</a></td><td>http://hl7.org/fhir/CodeSystem/medication-statement-status</td><td>Intended</td><td><div><p>The medication may be taken at some time in the future.</p>\n</div></td></tr></table></div>"
      },
      "url" : "http://www.fhir.org/guides/uscdi4-sandbox/ValueSet/uscore-medicationstatement-status",
      "version" : "0.0.0",
      "name" : "USCoreMedicationstatementStatus",
      "title" : "US Core Medication Status Codes",
      "status" : "draft",
      "experimental" : false,
      "date" : "2023-08-15",
      "jurisdiction" : [{
        "coding" : [{
          "system" : "urn:iso:std:iso:3166",
          "code" : "US"
        }]
      }],
      "expansion" : {
        "identifier" : "urn:uuid:b419cf65-72eb-445b-84f8-4a26076c6616",
        "timestamp" : "2023-10-31T19:06:38+00:00",
        "total" : 4,
        "parameter" : [{
          "name" : "excludeNested",
          "valueBoolean" : false
        },
        {
          "name" : "used-codesystem",
          "valueUri" : "http://hl7.org/fhir/CodeSystem/medication-statement-status|4.0.1"
        }],
        "contains" : [{
          "system" : "http://hl7.org/fhir/CodeSystem/medication-statement-status",
          "code" : "active",
          "display" : "Active"
        },
        {
          "system" : "http://hl7.org/fhir/CodeSystem/medication-statement-status",
          "code" : "completed",
          "display" : "Completed"
        },
        {
          "system" : "http://hl7.org/fhir/CodeSystem/medication-statement-status",
          "code" : "entered-in-error",
          "display" : "Entered in Error"
        },
        {
          "system" : "http://hl7.org/fhir/CodeSystem/medication-statement-status",
          "code" : "intended",
          "display" : "Intended"
        }]
      }
    }
  },
  {
    "fullUrl" : "http://hl7.org/fhir/us/core/ValueSet/uscore-pa-codes",
    "resource" : {
      "resourceType" : "ValueSet",
      "text" : {
        "status" : "generated",
        "div" : "<div xmlns=\"http://www.w3.org/1999/xhtml\"><p>This value set contains 11 concepts</p><div style=\"border: black 1px dotted; background-color: #EEEEEE; padding: 8px; margin-bottom: 8px\"><p>Expansion based on: </p><ul><li>Loinc v2.74</li><li>Loinc v2.74</li></ul></div><table class=\"codes\"><tr><td style=\"white-space:nowrap\"><b>Code</b></td><td><b>System</b></td><td><b>Display</b></td></tr><tr><td style=\"white-space:nowrap\"><a name=\"http---loinc.org-73985-4\"> </a>\u00a0\u00a0<a href=\"https://loinc.org/73985-4/\">73985-4</a></td><td>http://loinc.org</td><td>Exercise activity</td></tr><tr><td style=\"white-space:nowrap\"><a name=\"http---loinc.org-55411-3\"> </a>\u00a0\u00a0<a href=\"https://loinc.org/55411-3/\">55411-3</a></td><td>http://loinc.org</td><td>Exercise duration</td></tr><tr><td style=\"white-space:nowrap\"><a name=\"http---loinc.org-77592-4\"> </a>\u00a0\u00a0<a href=\"https://loinc.org/77592-4/\">77592-4</a></td><td>http://loinc.org</td><td>Moderate physical activity [IPAQ]</td></tr><tr><td style=\"white-space:nowrap\"><a name=\"http---loinc.org-77593-2\"> </a>\u00a0\u00a0<a href=\"https://loinc.org/77593-2/\">77593-2</a></td><td>http://loinc.org</td><td>Vigorous physical activity [IPAQ]</td></tr><tr><td style=\"white-space:nowrap\"><a name=\"http---loinc.org-55426-1\"> </a>\u00a0\u00a0<a href=\"https://loinc.org/55426-1/\">55426-1</a></td><td>http://loinc.org</td><td>Heart rate unspecified time maximum by Pedometer</td></tr><tr><td style=\"white-space:nowrap\"><a name=\"http---loinc.org-55425-3\"> </a>\u00a0\u00a0<a href=\"https://loinc.org/55425-3/\">55425-3</a></td><td>http://loinc.org</td><td>Heart rate unspecified time mean by Pedometer</td></tr><tr><td style=\"white-space:nowrap\"><a name=\"http---loinc.org-55424-6\"> </a>\u00a0\u00a0<a href=\"https://loinc.org/55424-6/\">55424-6</a></td><td>http://loinc.org</td><td>Calories burned in unspecified time Pedometer</td></tr><tr><td style=\"white-space:nowrap\"><a name=\"http---loinc.org-89555-7\"> </a>\u00a0\u00a0<a href=\"https://loinc.org/89555-7/\">89555-7</a></td><td>http://loinc.org</td><td>How many days per week did you engage in moderate to strenuous physical activity in the last 30 days</td></tr><tr><td style=\"white-space:nowrap\"><a name=\"http---loinc.org-68516-4\"> </a>\u00a0\u00a0<a href=\"https://loinc.org/68516-4/\">68516-4</a></td><td>http://loinc.org</td><td>On those days that you engage in moderate to strenuous exercise, how many minutes, on average, do you exercise</td></tr><tr><td style=\"white-space:nowrap\"><a name=\"http---loinc.org-82290-8\"> </a>\u00a0\u00a0<a href=\"https://loinc.org/82290-8/\">82290-8</a></td><td>http://loinc.org</td><td>Frequency of moderate to vigorous aerobic physical activity</td></tr><tr><td style=\"white-space:nowrap\"><a name=\"http---loinc.org-82291-6\"> </a>\u00a0\u00a0<a href=\"https://loinc.org/82291-6/\">82291-6</a></td><td>http://loinc.org</td><td>Frequency of muscle-strengthening physical activity</td></tr></table></div>"
      },
      "url" : "http://hl7.org/fhir/us/core/ValueSet/uscore-pa-codes",
      "version" : "0.0.0",
      "name" : "USCorePaCodesValueSet",
      "title" : "US Core PA Codes ValueSet",
      "status" : "draft",
      "experimental" : true,
      "date" : "2023-10-30",
      "jurisdiction" : [{
        "coding" : [{
          "system" : "urn:iso:std:iso:3166",
          "code" : "US"
        }]
      }],
      "expansion" : {
        "identifier" : "urn:uuid:1f77b59c-7b99-49ab-afa4-40b7240102d6",
        "timestamp" : "2023-10-31T19:06:39+00:00",
        "total" : 11,
        "parameter" : [{
          "name" : "excludeNested",
          "valueBoolean" : false
        },
        {
          "name" : "used-valueset",
          "valueUri" : "null"
        },
        {
          "name" : "limitedExpansion",
          "valueBoolean" : true
        },
        {
          "name" : "used-codesystem",
          "valueUri" : "http://loinc.org|2.74"
        },
        {
          "name" : "version",
          "valueUri" : "http://loinc.org|2.74"
        }],
        "contains" : [{
          "system" : "http://loinc.org",
          "code" : "73985-4",
          "display" : "Exercise activity"
        },
        {
          "system" : "http://loinc.org",
          "code" : "55411-3",
          "display" : "Exercise duration"
        },
        {
          "system" : "http://loinc.org",
          "code" : "77592-4",
          "display" : "Moderate physical activity [IPAQ]"
        },
        {
          "system" : "http://loinc.org",
          "code" : "77593-2",
          "display" : "Vigorous physical activity [IPAQ]"
        },
        {
          "system" : "http://loinc.org",
          "code" : "55426-1",
          "display" : "Heart rate unspecified time maximum by Pedometer"
        },
        {
          "system" : "http://loinc.org",
          "code" : "55425-3",
          "display" : "Heart rate unspecified time mean by Pedometer"
        },
        {
          "system" : "http://loinc.org",
          "code" : "55424-6",
          "display" : "Calories burned in unspecified time Pedometer"
        },
        {
          "system" : "http://loinc.org",
          "code" : "89555-7",
          "display" : "How many days per week did you engage in moderate to strenuous physical activity in the last 30 days"
        },
        {
          "system" : "http://loinc.org",
          "code" : "68516-4",
          "display" : "On those days that you engage in moderate to strenuous exercise, how many minutes, on average, do you exercise"
        },
        {
          "system" : "http://loinc.org",
          "code" : "82290-8",
          "display" : "Frequency of moderate to vigorous aerobic physical activity"
        },
        {
          "system" : "http://loinc.org",
          "code" : "82291-6",
          "display" : "Frequency of muscle-strengthening physical activity"
        }]
      }
    }
  }]
}