{
  "resourceType" : "ImplementationGuide",
  "id" : "uscdi4-sandbox",
  "text" : {
    "status" : "extensions",
    "div" : "<div xmlns=\"http://www.w3.org/1999/xhtml\">Placeholder</div>"
  },
  "extension" : [{
    "url" : "http://hl7.org/fhir/StructureDefinition/structuredefinition-standards-status",
    "valueCode" : "trial-use"
  },
  {
    "url" : "http://hl7.org/fhir/StructureDefinition/structuredefinition-fmm",
    "valueInteger" : 1
  }],
  "url" : "http://www.fhir.org/guides/uscdi4-sandbox/ImplementationGuide/uscdi4-sandbox",
  "version" : "0.0.0",
  "name" : "USCDI4_1Sandbox",
  "title" : "HealtheData1 USCDI4 Sandbox",
  "status" : "active",
  "date" : "2023-08-31T02:29:30+00:00",
  "publisher" : "Health eData Inc",
  "contact" : [{
    "telecom" : [{
      "system" : "email",
      "value" : "mailto:ehaas@healthedatainc.com"
    }]
  }],
  "description" : "This is a **Healthedata1** sandbox for creation of USCDI4 resources and examples",
  "jurisdiction" : [{
    "coding" : [{
      "system" : "urn:iso:std:iso:3166",
      "code" : "US"
    }]
  }],
  "packageId" : "uscdi4-sandbox",
  "license" : "CC0-1.0",
  "fhirVersion" : ["4.0.1"],
  "dependsOn" : [{
    "id" : "hl7tx",
    "extension" : [{
      "url" : "http://hl7.org/fhir/tools/StructureDefinition/implementationguide-dependency-comment",
      "valueMarkdown" : "Automatically added as a dependency - all IGs depend on HL7 Terminology"
    }],
    "uri" : "http://terminology.hl7.org/ImplementationGuide/hl7.terminology",
    "packageId" : "hl7.terminology.r4",
    "version" : "5.0.0"
  },
  {
    "id" : "hl7_fhir_us_core",
    "uri" : "http://hl7.org/fhir/us/core/ImplementationGuide/hl7.fhir.us.core",
    "packageId" : "hl7.fhir.us.core",
    "version" : "6.1.0"
  },
  {
    "id" : "hl7_fhir_uv_extensions_r4",
    "uri" : "http://hl7.org/fhir/extensions/ImplementationGuide/hl7.fhir.uv.extensions",
    "packageId" : "hl7.fhir.uv.extensions.r4",
    "version" : "1.0.0"
  }],
  "definition" : {
    "extension" : [{
      "extension" : [{
        "url" : "code",
        "valueString" : "copyrightyear"
      },
      {
        "url" : "value",
        "valueString" : "2020+"
      }],
      "url" : "http://hl7.org/fhir/tools/StructureDefinition/ig-parameter"
    },
    {
      "extension" : [{
        "url" : "code",
        "valueString" : "releaselabel"
      },
      {
        "url" : "value",
        "valueString" : "CI Build"
      }],
      "url" : "http://hl7.org/fhir/tools/StructureDefinition/ig-parameter"
    },
    {
      "extension" : [{
        "url" : "code",
        "valueString" : "path-expansion-params"
      },
      {
        "url" : "value",
        "valueString" : "../../input/_resources/exp-params.json"
      }],
      "url" : "http://hl7.org/fhir/tools/StructureDefinition/ig-parameter"
    },
    {
      "extension" : [{
        "url" : "code",
        "valueString" : "show-inherited-invariants"
      },
      {
        "url" : "value",
        "valueString" : "true"
      }],
      "url" : "http://hl7.org/fhir/tools/StructureDefinition/ig-parameter"
    },
    {
      "extension" : [{
        "url" : "code",
        "valueString" : "usage-stats-opt-out"
      },
      {
        "url" : "value",
        "valueString" : "false"
      }],
      "url" : "http://hl7.org/fhir/tools/StructureDefinition/ig-parameter"
    },
    {
      "extension" : [{
        "url" : "code",
        "valueString" : "path-output"
      },
      {
        "url" : "value",
        "valueString" : "docs"
      }],
      "url" : "http://hl7.org/fhir/tools/StructureDefinition/ig-parameter"
    },
    {
      "extension" : [{
        "url" : "code",
        "valueString" : "path-liquid"
      },
      {
        "url" : "value",
        "valueString" : "input/images/liquid"
      }],
      "url" : "http://hl7.org/fhir/tools/StructureDefinition/ig-parameter"
    },
    {
      "extension" : [{
        "url" : "code",
        "valueString" : "excludexml"
      },
      {
        "url" : "value",
        "valueString" : "true"
      }],
      "url" : "http://hl7.org/fhir/tools/StructureDefinition/ig-parameter"
    },
    {
      "extension" : [{
        "url" : "code",
        "valueString" : "excludejson"
      },
      {
        "url" : "value",
        "valueString" : "false"
      }],
      "url" : "http://hl7.org/fhir/tools/StructureDefinition/ig-parameter"
    },
    {
      "extension" : [{
        "url" : "code",
        "valueString" : "excludettl"
      },
      {
        "url" : "value",
        "valueString" : "true"
      }],
      "url" : "http://hl7.org/fhir/tools/StructureDefinition/ig-parameter"
    },
    {
      "extension" : [{
        "url" : "code",
        "valueString" : "excludemap"
      },
      {
        "url" : "value",
        "valueString" : "true"
      }],
      "url" : "http://hl7.org/fhir/tools/StructureDefinition/ig-parameter"
    },
    {
      "extension" : [{
        "url" : "code",
        "valueString" : "propagate-status"
      },
      {
        "url" : "value",
        "valueString" : "true"
      }],
      "url" : "http://hl7.org/fhir/tools/StructureDefinition/ig-parameter"
    },
    {
      "extension" : [{
        "url" : "code",
        "valueString" : "autoload-resources"
      },
      {
        "url" : "value",
        "valueString" : "true"
      }],
      "url" : "http://hl7.org/fhir/tools/StructureDefinition/ig-parameter"
    },
    {
      "extension" : [{
        "url" : "code",
        "valueString" : "path-liquid"
      },
      {
        "url" : "value",
        "valueString" : "template/liquid"
      }],
      "url" : "http://hl7.org/fhir/tools/StructureDefinition/ig-parameter"
    },
    {
      "extension" : [{
        "url" : "code",
        "valueString" : "path-liquid"
      },
      {
        "url" : "value",
        "valueString" : "input/liquid"
      }],
      "url" : "http://hl7.org/fhir/tools/StructureDefinition/ig-parameter"
    },
    {
      "extension" : [{
        "url" : "code",
        "valueString" : "path-qa"
      },
      {
        "url" : "value",
        "valueString" : "temp/qa"
      }],
      "url" : "http://hl7.org/fhir/tools/StructureDefinition/ig-parameter"
    },
    {
      "extension" : [{
        "url" : "code",
        "valueString" : "path-temp"
      },
      {
        "url" : "value",
        "valueString" : "temp/pages"
      }],
      "url" : "http://hl7.org/fhir/tools/StructureDefinition/ig-parameter"
    },
    {
      "extension" : [{
        "url" : "code",
        "valueString" : "path-suppressed-warnings"
      },
      {
        "url" : "value",
        "valueString" : "input/ignoreWarnings.txt"
      }],
      "url" : "http://hl7.org/fhir/tools/StructureDefinition/ig-parameter"
    },
    {
      "extension" : [{
        "url" : "code",
        "valueString" : "path-history"
      },
      {
        "url" : "value",
        "valueString" : "http://www.fhir.org/guides/uscdi4-sandbox/history.html"
      }],
      "url" : "http://hl7.org/fhir/tools/StructureDefinition/ig-parameter"
    },
    {
      "extension" : [{
        "url" : "code",
        "valueString" : "template-html"
      },
      {
        "url" : "value",
        "valueString" : "template-page.html"
      }],
      "url" : "http://hl7.org/fhir/tools/StructureDefinition/ig-parameter"
    },
    {
      "extension" : [{
        "url" : "code",
        "valueString" : "template-md"
      },
      {
        "url" : "value",
        "valueString" : "template-page-md.html"
      }],
      "url" : "http://hl7.org/fhir/tools/StructureDefinition/ig-parameter"
    },
    {
      "extension" : [{
        "url" : "code",
        "valueString" : "apply-contact"
      },
      {
        "url" : "value",
        "valueString" : "true"
      }],
      "url" : "http://hl7.org/fhir/tools/StructureDefinition/ig-parameter"
    },
    {
      "extension" : [{
        "url" : "code",
        "valueString" : "apply-context"
      },
      {
        "url" : "value",
        "valueString" : "true"
      }],
      "url" : "http://hl7.org/fhir/tools/StructureDefinition/ig-parameter"
    },
    {
      "extension" : [{
        "url" : "code",
        "valueString" : "apply-copyright"
      },
      {
        "url" : "value",
        "valueString" : "true"
      }],
      "url" : "http://hl7.org/fhir/tools/StructureDefinition/ig-parameter"
    },
    {
      "extension" : [{
        "url" : "code",
        "valueString" : "apply-jurisdiction"
      },
      {
        "url" : "value",
        "valueString" : "true"
      }],
      "url" : "http://hl7.org/fhir/tools/StructureDefinition/ig-parameter"
    },
    {
      "extension" : [{
        "url" : "code",
        "valueString" : "apply-license"
      },
      {
        "url" : "value",
        "valueString" : "true"
      }],
      "url" : "http://hl7.org/fhir/tools/StructureDefinition/ig-parameter"
    },
    {
      "extension" : [{
        "url" : "code",
        "valueString" : "apply-publisher"
      },
      {
        "url" : "value",
        "valueString" : "true"
      }],
      "url" : "http://hl7.org/fhir/tools/StructureDefinition/ig-parameter"
    },
    {
      "extension" : [{
        "url" : "code",
        "valueString" : "apply-version"
      },
      {
        "url" : "value",
        "valueString" : "true"
      }],
      "url" : "http://hl7.org/fhir/tools/StructureDefinition/ig-parameter"
    },
    {
      "extension" : [{
        "url" : "code",
        "valueString" : "active-tables"
      },
      {
        "url" : "value",
        "valueString" : "true"
      }],
      "url" : "http://hl7.org/fhir/tools/StructureDefinition/ig-parameter"
    },
    {
      "extension" : [{
        "url" : "code",
        "valueString" : "fmm-definition"
      },
      {
        "url" : "value",
        "valueString" : "http://hl7.org/fhir/versions.html#maturity"
      }],
      "url" : "http://hl7.org/fhir/tools/StructureDefinition/ig-parameter"
    },
    {
      "extension" : [{
        "url" : "code",
        "valueString" : "excludelogbinaryformat"
      },
      {
        "url" : "value",
        "valueString" : "true"
      }],
      "url" : "http://hl7.org/fhir/tools/StructureDefinition/ig-parameter"
    },
    {
      "extension" : [{
        "url" : "code",
        "valueString" : "tabbed-snapshots"
      },
      {
        "url" : "value",
        "valueString" : "true"
      }],
      "url" : "http://hl7.org/fhir/tools/StructureDefinition/ig-parameter"
    },
    {
      "url" : "http://hl7.org/fhir/tools/StructureDefinition/ig-internal-dependency",
      "valueCode" : "hl7.fhir.uv.tools#current"
    },
    {
      "extension" : [{
        "url" : "code",
        "valueCode" : "copyrightyear"
      },
      {
        "url" : "value",
        "valueString" : "2020+"
      }],
      "url" : "http://hl7.org/fhir/tools/StructureDefinition/ig-parameter"
    },
    {
      "extension" : [{
        "url" : "code",
        "valueCode" : "releaselabel"
      },
      {
        "url" : "value",
        "valueString" : "CI Build"
      }],
      "url" : "http://hl7.org/fhir/tools/StructureDefinition/ig-parameter"
    },
    {
      "extension" : [{
        "url" : "code",
        "valueCode" : "path-expansion-params"
      },
      {
        "url" : "value",
        "valueString" : "../../input/_resources/exp-params.json"
      }],
      "url" : "http://hl7.org/fhir/tools/StructureDefinition/ig-parameter"
    },
    {
      "extension" : [{
        "url" : "code",
        "valueCode" : "show-inherited-invariants"
      },
      {
        "url" : "value",
        "valueString" : "true"
      }],
      "url" : "http://hl7.org/fhir/tools/StructureDefinition/ig-parameter"
    },
    {
      "extension" : [{
        "url" : "code",
        "valueCode" : "usage-stats-opt-out"
      },
      {
        "url" : "value",
        "valueString" : "false"
      }],
      "url" : "http://hl7.org/fhir/tools/StructureDefinition/ig-parameter"
    },
    {
      "extension" : [{
        "url" : "code",
        "valueCode" : "path-output"
      },
      {
        "url" : "value",
        "valueString" : "docs"
      }],
      "url" : "http://hl7.org/fhir/tools/StructureDefinition/ig-parameter"
    },
    {
      "extension" : [{
        "url" : "code",
        "valueCode" : "path-liquid"
      },
      {
        "url" : "value",
        "valueString" : "input/images/liquid"
      }],
      "url" : "http://hl7.org/fhir/tools/StructureDefinition/ig-parameter"
    },
    {
      "extension" : [{
        "url" : "code",
        "valueCode" : "excludexml"
      },
      {
        "url" : "value",
        "valueString" : "true"
      }],
      "url" : "http://hl7.org/fhir/tools/StructureDefinition/ig-parameter"
    },
    {
      "extension" : [{
        "url" : "code",
        "valueCode" : "excludejson"
      },
      {
        "url" : "value",
        "valueString" : "false"
      }],
      "url" : "http://hl7.org/fhir/tools/StructureDefinition/ig-parameter"
    },
    {
      "extension" : [{
        "url" : "code",
        "valueCode" : "excludettl"
      },
      {
        "url" : "value",
        "valueString" : "true"
      }],
      "url" : "http://hl7.org/fhir/tools/StructureDefinition/ig-parameter"
    },
    {
      "extension" : [{
        "url" : "code",
        "valueCode" : "excludemap"
      },
      {
        "url" : "value",
        "valueString" : "true"
      }],
      "url" : "http://hl7.org/fhir/tools/StructureDefinition/ig-parameter"
    },
    {
      "extension" : [{
        "url" : "code",
        "valueCode" : "propagate-status"
      },
      {
        "url" : "value",
        "valueString" : "true"
      }],
      "url" : "http://hl7.org/fhir/tools/StructureDefinition/ig-parameter"
    },
    {
      "extension" : [{
        "url" : "code",
        "valueCode" : "autoload-resources"
      },
      {
        "url" : "value",
        "valueString" : "true"
      }],
      "url" : "http://hl7.org/fhir/tools/StructureDefinition/ig-parameter"
    },
    {
      "extension" : [{
        "url" : "code",
        "valueCode" : "path-liquid"
      },
      {
        "url" : "value",
        "valueString" : "template/liquid"
      }],
      "url" : "http://hl7.org/fhir/tools/StructureDefinition/ig-parameter"
    },
    {
      "extension" : [{
        "url" : "code",
        "valueCode" : "path-liquid"
      },
      {
        "url" : "value",
        "valueString" : "input/liquid"
      }],
      "url" : "http://hl7.org/fhir/tools/StructureDefinition/ig-parameter"
    },
    {
      "extension" : [{
        "url" : "code",
        "valueCode" : "path-qa"
      },
      {
        "url" : "value",
        "valueString" : "temp/qa"
      }],
      "url" : "http://hl7.org/fhir/tools/StructureDefinition/ig-parameter"
    },
    {
      "extension" : [{
        "url" : "code",
        "valueCode" : "path-temp"
      },
      {
        "url" : "value",
        "valueString" : "temp/pages"
      }],
      "url" : "http://hl7.org/fhir/tools/StructureDefinition/ig-parameter"
    },
    {
      "extension" : [{
        "url" : "code",
        "valueCode" : "path-suppressed-warnings"
      },
      {
        "url" : "value",
        "valueString" : "input/ignoreWarnings.txt"
      }],
      "url" : "http://hl7.org/fhir/tools/StructureDefinition/ig-parameter"
    },
    {
      "extension" : [{
        "url" : "code",
        "valueCode" : "path-history"
      },
      {
        "url" : "value",
        "valueString" : "http://www.fhir.org/guides/uscdi4-sandbox/history.html"
      }],
      "url" : "http://hl7.org/fhir/tools/StructureDefinition/ig-parameter"
    },
    {
      "extension" : [{
        "url" : "code",
        "valueCode" : "template-html"
      },
      {
        "url" : "value",
        "valueString" : "template-page.html"
      }],
      "url" : "http://hl7.org/fhir/tools/StructureDefinition/ig-parameter"
    },
    {
      "extension" : [{
        "url" : "code",
        "valueCode" : "template-md"
      },
      {
        "url" : "value",
        "valueString" : "template-page-md.html"
      }],
      "url" : "http://hl7.org/fhir/tools/StructureDefinition/ig-parameter"
    },
    {
      "extension" : [{
        "url" : "code",
        "valueCode" : "apply-contact"
      },
      {
        "url" : "value",
        "valueString" : "true"
      }],
      "url" : "http://hl7.org/fhir/tools/StructureDefinition/ig-parameter"
    },
    {
      "extension" : [{
        "url" : "code",
        "valueCode" : "apply-context"
      },
      {
        "url" : "value",
        "valueString" : "true"
      }],
      "url" : "http://hl7.org/fhir/tools/StructureDefinition/ig-parameter"
    },
    {
      "extension" : [{
        "url" : "code",
        "valueCode" : "apply-copyright"
      },
      {
        "url" : "value",
        "valueString" : "true"
      }],
      "url" : "http://hl7.org/fhir/tools/StructureDefinition/ig-parameter"
    },
    {
      "extension" : [{
        "url" : "code",
        "valueCode" : "apply-jurisdiction"
      },
      {
        "url" : "value",
        "valueString" : "true"
      }],
      "url" : "http://hl7.org/fhir/tools/StructureDefinition/ig-parameter"
    },
    {
      "extension" : [{
        "url" : "code",
        "valueCode" : "apply-license"
      },
      {
        "url" : "value",
        "valueString" : "true"
      }],
      "url" : "http://hl7.org/fhir/tools/StructureDefinition/ig-parameter"
    },
    {
      "extension" : [{
        "url" : "code",
        "valueCode" : "apply-publisher"
      },
      {
        "url" : "value",
        "valueString" : "true"
      }],
      "url" : "http://hl7.org/fhir/tools/StructureDefinition/ig-parameter"
    },
    {
      "extension" : [{
        "url" : "code",
        "valueCode" : "apply-version"
      },
      {
        "url" : "value",
        "valueString" : "true"
      }],
      "url" : "http://hl7.org/fhir/tools/StructureDefinition/ig-parameter"
    },
    {
      "extension" : [{
        "url" : "code",
        "valueCode" : "active-tables"
      },
      {
        "url" : "value",
        "valueString" : "true"
      }],
      "url" : "http://hl7.org/fhir/tools/StructureDefinition/ig-parameter"
    },
    {
      "extension" : [{
        "url" : "code",
        "valueCode" : "fmm-definition"
      },
      {
        "url" : "value",
        "valueString" : "http://hl7.org/fhir/versions.html#maturity"
      }],
      "url" : "http://hl7.org/fhir/tools/StructureDefinition/ig-parameter"
    },
    {
      "extension" : [{
        "url" : "code",
        "valueCode" : "excludelogbinaryformat"
      },
      {
        "url" : "value",
        "valueString" : "true"
      }],
      "url" : "http://hl7.org/fhir/tools/StructureDefinition/ig-parameter"
    },
    {
      "extension" : [{
        "url" : "code",
        "valueCode" : "tabbed-snapshots"
      },
      {
        "url" : "value",
        "valueString" : "true"
      }],
      "url" : "http://hl7.org/fhir/tools/StructureDefinition/ig-parameter"
    }],
    "grouping" : [{
      "id" : "AvgBP",
      "name" : "Average Blood Pressure",
      "description" : "Average Blood Pressure Profile and Examples"
    },
    {
      "id" : "PE",
      "name" : "Physical Activity",
      "description" : "Physical Activity Health Status Assessment Examples"
    },
    {
      "id" : "Booze",
      "name" : "Alcohol Use",
      "description" : "Alcohol Use Health Status Assessment Examples"
    },
    {
      "id" : "Drugs",
      "name" : "Substance Use",
      "description" : "Substance Use Health Status Assessment Examples"
    },
    {
      "id" : "Labs",
      "name" : "Laboratory",
      "description" : "Laboratory and Specimen Profiles and Examples"
    },
    {
      "id" : "Facility",
      "name" : "Facility Information",
      "description" : "Location Profiles and Examples"
    },
    {
      "id" : "Medication",
      "name" : "Medication",
      "description" : "Medication Adherence Examples"
    },
    {
      "id" : "Preferences",
      "name" : "Goals and Preferences",
      "description" : "Goals and Preferences Profiles and Examples"
    }],
    "resource" : [{
      "extension" : [{
        "url" : "http://hl7.org/fhir/tools/StructureDefinition/resource-information",
        "valueString" : "Questionnaire"
      }],
      "reference" : {
        "reference" : "Questionnaire/AUDIT-C"
      },
      "name" : "Alcohol Use Disorder Identification Test - Consumption [AUDIT-C] Questionnaire Example",
      "description" : "Alcohol Use Disorder Identification Test - Consumption [AUDIT-C] questionnaire example. It is based on the on US Core [Screening and Assessments](http://hl7.org/fhir/us/core/screening-and-assessments.html) guidance using Questionnaire/QuestionnaireResponse resources.",
      "exampleBoolean" : true,
      "groupingId" : "Booze"
    },
    {
      "extension" : [{
        "url" : "http://hl7.org/fhir/tools/StructureDefinition/resource-information",
        "valueString" : "QuestionnaireResponse"
      }],
      "reference" : {
        "reference" : "QuestionnaireResponse/AUDIT-C"
      },
      "name" : "Alcohol Use Disorder Identification Test - Consumption [AUDIT-C] QuestionnaireResponse Example",
      "description" : "This is the [LHC Form](https://loinc.org/lhc-forms/) Alcohol Use Disorder Identification Test - Consumption [AUDIT-C] QuestionnaireResponse example. It is based on the on US Core [Screening and Assessments](http://hl7.org/fhir/us/core/screening-and-assessments.html) guidance using Questionnaire/QuestionnaireResponse resources.",
      "exampleCanonical" : "http://hl7.org/fhir/us/core/StructureDefinition/us-core-questionnaireresponse",
      "groupingId" : "Booze"
    },
    {
      "extension" : [{
        "url" : "http://hl7.org/fhir/tools/StructureDefinition/resource-information",
        "valueString" : "Observation"
      }],
      "reference" : {
        "reference" : "Observation/alcohol-use-status"
      },
      "name" : "Alcohol Use Status Example",
      "description" : "This is an alcohol-use-status example for the *Simple Observation Profile*.  It is based on the on US Core [Screening and Assessments](http://hl7.org/fhir/us/core/screening-and-assessments.html) guidance using Simple Observations.",
      "exampleCanonical" : "http://hl7.org/fhir/us/core/StructureDefinition/us-core-simple-observation",
      "groupingId" : "Booze"
    },
    {
      "extension" : [{
        "url" : "http://hl7.org/fhir/tools/StructureDefinition/resource-information",
        "valueString" : "Observation"
      }],
      "reference" : {
        "reference" : "Observation/alcoholic-drinks-per-day"
      },
      "name" : "Alcoholic Drinks Per Day Example",
      "description" : "This is an Alcoholic Drinks Per Day example for the *Simple Observation Profile*.  It is based on the on US Core [Screening and Assessments](http://hl7.org/fhir/us/core/screening-and-assessments.html) guidance using Simple Observations.",
      "exampleCanonical" : "http://hl7.org/fhir/us/core/StructureDefinition/us-core-simple-observation",
      "groupingId" : "Booze"
    },
    {
      "extension" : [{
        "url" : "http://hl7.org/fhir/tools/StructureDefinition/resource-information",
        "valueString" : "Observation"
      }],
      "reference" : {
        "reference" : "Observation/AUDIT-C-item-example-68517-2"
      },
      "name" : "Audit-C Item Example 68517-2",
      "description" : "This is a Audit-C Item Example 68517-2 (How many times in the past year have you have X or more drinks in a day?) for the *US Core Observation Screening Assessment Profile*",
      "exampleCanonical" : "http://hl7.org/fhir/us/core/StructureDefinition/us-core-observation-screening-assessment",
      "groupingId" : "Booze"
    },
    {
      "extension" : [{
        "url" : "http://hl7.org/fhir/tools/StructureDefinition/resource-information",
        "valueString" : "Observation"
      }],
      "reference" : {
        "reference" : "Observation/AUDIT-C-item-example-68519-8"
      },
      "name" : "Audit-C Item Example 68519-8",
      "description" : "This is a Audit-C Item Example 68519-8 (How many standard drinks containing alcohol do you have on a typical day?) for the *US Core Observation Screening Assessment Profile*",
      "exampleCanonical" : "http://hl7.org/fhir/us/core/StructureDefinition/us-core-observation-screening-assessment",
      "groupingId" : "Booze"
    },
    {
      "extension" : [{
        "url" : "http://hl7.org/fhir/tools/StructureDefinition/resource-information",
        "valueString" : "Observation"
      }],
      "reference" : {
        "reference" : "Observation/AUDIT-C-item-example-68520-6"
      },
      "name" : "Audit-C Item Example 68520-6",
      "description" : "This is a Audit-C Item Example 68520-6 (How often do you have 6 or more drinks on 1 occasion?) for the *US Core Observation Screening Assessment Profile*",
      "exampleCanonical" : "http://hl7.org/fhir/us/core/StructureDefinition/us-core-observation-screening-assessment",
      "groupingId" : "Booze"
    },
    {
      "extension" : [{
        "url" : "http://hl7.org/fhir/tools/StructureDefinition/resource-information",
        "valueString" : "Observation"
      }],
      "reference" : {
        "reference" : "Observation/AUDIT-C-item-example-75626-2"
      },
      "name" : "Audit-C Item Example 75626-2",
      "description" : "This is a Audit-C Item Example 75626-2 (Total score [AUDIT-C]) for the *US Core Observation Screening Assessment Profile*",
      "exampleCanonical" : "http://hl7.org/fhir/us/core/StructureDefinition/us-core-observation-screening-assessment",
      "groupingId" : "Booze"
    },
    {
      "extension" : [{
        "url" : "http://hl7.org/fhir/tools/StructureDefinition/resource-information",
        "valueString" : "Observation"
      }],
      "reference" : {
        "reference" : "Observation/AUDIT-C-panel-example-72109-2"
      },
      "name" : "Audit-C Panel Example 72109-2",
      "description" : "This is a Audit-C Panel Example 72109-2 (Alcohol Use Disorder Identification Test - Consumption [AUDIT-C]) for the *US Core Observation Screening Assessment Profile*",
      "exampleCanonical" : "http://hl7.org/fhir/us/core/StructureDefinition/us-core-observation-screening-assessment",
      "groupingId" : "Booze"
    },
    {
      "extension" : [{
        "url" : "http://hl7.org/fhir/tools/StructureDefinition/resource-information",
        "valueString" : "Observation"
      }],
      "reference" : {
        "reference" : "Observation/average-blood-pressure"
      },
      "name" : "Average Blood Pressure Example",
      "description" : "This is an average blood pressure example for the *Vitalsigns Profile*.  It is based on the [Vital Signs with Qualifying Elements](http://hl7.org/fhir/us/vitals/STU1/) [Average Blood Pressure Profile](http://hl7.org/fhir/us/vitals/StructureDefinition/average-blood-pressure).",
      "exampleCanonical" : "http://www.fhir.org/guides/uscdi4-sandbox/StructureDefinition/us-core-average-blood-pressure",
      "groupingId" : "AvgBP"
    },
    {
      "extension" : [{
        "url" : "http://hl7.org/fhir/tools/StructureDefinition/resource-information",
        "valueString" : "Observation"
      }],
      "reference" : {
        "reference" : "Observation/care-experience"
      },
      "name" : "Care Experience Example",
      "description" : "This is an care experience example for the *Care Experience Profile*.  It is based on the *US Core Simple Observation Profile*.",
      "exampleCanonical" : "http://www.fhir.org/guides/uscdi4-sandbox/StructureDefinition/us-core-care-experience-preference"
    },
    {
      "extension" : [{
        "url" : "http://hl7.org/fhir/tools/StructureDefinition/resource-information",
        "valueString" : "Observation"
      }],
      "reference" : {
        "reference" : "Observation/care-experience-preference"
      },
      "name" : "Care Experience Preference Example",
      "description" : "This is an care experience preference example for the *Care Experience Profile*.  It is based on the *US Core Simple Observation Profile*.",
      "exampleCanonical" : "http://www.fhir.org/guides/uscdi4-sandbox/StructureDefinition/us-core-care-experience-preference",
      "groupingId" : "Preferences"
    },
    {
      "extension" : [{
        "url" : "http://hl7.org/fhir/tools/StructureDefinition/resource-information",
        "valueString" : "Observation"
      }],
      "reference" : {
        "reference" : "Observation/EVS-item-example-68516-4"
      },
      "name" : "Evs Item Example 68516-4",
      "description" : "This is a Evs Item Example 68516-4 (On those days that you engage in moderate to strenuous exercise, how many minutes, on average, do you exercise?) for the *US Core Observation Screening Assessment Profile*",
      "exampleCanonical" : "http://hl7.org/fhir/us/core/StructureDefinition/us-core-observation-screening-assessment",
      "groupingId" : "PE"
    },
    {
      "extension" : [{
        "url" : "http://hl7.org/fhir/tools/StructureDefinition/resource-information",
        "valueString" : "Observation"
      }],
      "reference" : {
        "reference" : "Observation/EVS-item-example-89555-7"
      },
      "name" : "Evs Item Example 89555-7",
      "description" : "This is a Evs Item Example 89555-7 (How many D per W did you engage in moderate to strenuous physical activity in the last 30D) for the *US Core Observation Screening Assessment Profile*",
      "exampleCanonical" : "http://hl7.org/fhir/us/core/StructureDefinition/us-core-observation-screening-assessment",
      "groupingId" : "PE"
    },
    {
      "extension" : [{
        "url" : "http://hl7.org/fhir/tools/StructureDefinition/resource-information",
        "valueString" : "Observation"
      }],
      "reference" : {
        "reference" : "Observation/EVS-panel-example-89574-8"
      },
      "name" : "Evs Panel Example 89574-8",
      "description" : "This is a Evs Panel Example 89574-8 (Exercise Vital Sign (EVS)) for the *US Core Observation Screening Assessment Profile*",
      "exampleCanonical" : "http://hl7.org/fhir/us/core/StructureDefinition/us-core-observation-screening-assessment",
      "groupingId" : "PE"
    },
    {
      "extension" : [{
        "url" : "http://hl7.org/fhir/tools/StructureDefinition/resource-information",
        "valueString" : "Observation"
      }],
      "reference" : {
        "reference" : "Observation/exercise-per-day"
      },
      "name" : "Exercise Per Day Example",
      "description" : "This is an minutes exercise per day example for the *Simple Observation Profile*.  It is based on the on US Core [Screening and Assessments](http://hl7.org/fhir/us/core/screening-and-assessments.html) guidance using Simple Observations.",
      "exampleCanonical" : "http://hl7.org/fhir/us/core/StructureDefinition/us-core-simple-observation",
      "groupingId" : "PE"
    },
    {
      "extension" : [{
        "url" : "http://hl7.org/fhir/tools/StructureDefinition/resource-information",
        "valueString" : "Observation"
      }],
      "reference" : {
        "reference" : "Observation/exercise-per-week"
      },
      "name" : "Exercise Per Week Example",
      "description" : "This is a days exercise per week example for the *Simple Observation Profile*.  It is based on the on US Core [Screening and Assessments](http://hl7.org/fhir/us/core/screening-and-assessments.html) guidance using Simple Observations.",
      "exampleCanonical" : "http://hl7.org/fhir/us/core/StructureDefinition/us-core-simple-observation",
      "groupingId" : "PE"
    },
    {
      "extension" : [{
        "url" : "http://hl7.org/fhir/tools/StructureDefinition/resource-information",
        "valueString" : "Questionnaire"
      }],
      "reference" : {
        "reference" : "Questionnaire/exercise-vital-sign"
      },
      "name" : "Exercise Vital Sign Questionnaire Example",
      "description" : "This is the [LHC Form](https://loinc.org/lhc-forms/) Exercise Vital Sign (EVS) Questionnaire Example. It is based on the on US Core [Screening and Assessments](http://hl7.org/fhir/us/core/screening-and-assessments.html) guidance using Questionnaire/QuestionnaireResponse resources.",
      "exampleBoolean" : true,
      "groupingId" : "PE"
    },
    {
      "extension" : [{
        "url" : "http://hl7.org/fhir/tools/StructureDefinition/resource-information",
        "valueString" : "QuestionnaireResponse"
      }],
      "reference" : {
        "reference" : "QuestionnaireResponse/exercise-vital-sign"
      },
      "name" : "Exercise Vital Sign QuestionnaireResponse Example",
      "description" : "This is the [LHC Form](https://loinc.org/lhc-forms/) Exercise Vital Sign (EVS) QuestionnaireResponse Example. It is based on the on US Core [Screening and Assessments](http://hl7.org/fhir/us/core/screening-and-assessments.html) guidance using Questionnaire/QuestionnaireResponse resources.",
      "exampleCanonical" : "http://hl7.org/fhir/us/core/StructureDefinition/us-core-questionnaireresponse",
      "groupingId" : "PE"
    },
    {
      "extension" : [{
        "url" : "http://hl7.org/fhir/tools/StructureDefinition/resource-information",
        "valueString" : "Specimen"
      }],
      "reference" : {
        "reference" : "Specimen/example-serum-hemolyzed"
      },
      "name" : "Hemolyzed Serum Specimen Example",
      "description" : "This is a serum specimen example for the *US Core Specimen Profile*. It demonstrates the use of the USCDI requirements for specimen condition and body source site.",
      "exampleCanonical" : "http://www.fhir.org/guides/uscdi4-sandbox/StructureDefinition/us-core-specimen",
      "groupingId" : "Labs"
    },
    {
      "extension" : [{
        "url" : "http://hl7.org/fhir/tools/StructureDefinition/resource-information",
        "valueString" : "Location"
      }],
      "reference" : {
        "reference" : "Location/hospital"
      },
      "name" : "Hospital Location",
      "description" : "This is an example hospital location for the *US Core Location Profile*.",
      "exampleCanonical" : "http://www.fhir.org/guides/uscdi4-sandbox/StructureDefinition/us-core-location",
      "groupingId" : "Facility"
    },
    {
      "extension" : [{
        "url" : "http://hl7.org/fhir/tools/StructureDefinition/resource-information",
        "valueString" : "MedicationRequest"
      }],
      "reference" : {
        "reference" : "MedicationRequest/coded-oral-axid-with-compliance"
      },
      "name" : "MedicationRequest Coded Oral Axid with Compliance Extension Example",
      "description" : "This example demonstrates medication adherence for a prescribed medication example using an extension on the MedicationRequest. The extension value uses SNOMED CT.",
      "exampleCanonical" : "http://hl7.org/fhir/us/core/StructureDefinition/us-core-medicationrequest",
      "groupingId" : "Medication"
    },
    {
      "extension" : [{
        "url" : "http://hl7.org/fhir/tools/StructureDefinition/resource-information",
        "valueString" : "MedicationRequest"
      }],
      "reference" : {
        "reference" : "MedicationRequest/self-tylenol-with-compliance"
      },
      "name" : "MedicationRequest Self Tylenol with Compliance Extension Example",
      "description" : "This example demonstrates medication adherence for a self-prescribed Tylenol example for the using an extension on the MedicationRequest. The extension value uses SNOMED CT.",
      "exampleCanonical" : "http://hl7.org/fhir/us/core/StructureDefinition/us-core-medicationrequest",
      "groupingId" : "Medication"
    },
    {
      "extension" : [{
        "url" : "http://hl7.org/fhir/tools/StructureDefinition/resource-information",
        "valueString" : "MedicationStatement"
      }],
      "reference" : {
        "reference" : "MedicationStatement/coded-oral-axid-with-compliance"
      },
      "name" : "MedicationStatement Coded Oral Axid with Adherence Extension Example",
      "description" : "This example demonstrates medication adherence for a prescribed medication example using an R5 element extension on the MedicationStatement. The extension value uses MedicationStatement Adherence Codes.",
      "exampleCanonical" : "http://www.fhir.org/guides/uscdi4-sandbox/StructureDefinition/us-core-medicationstatement",
      "groupingId" : "Medication"
    },
    {
      "extension" : [{
        "url" : "http://hl7.org/fhir/tools/StructureDefinition/resource-information",
        "valueString" : "MedicationStatement"
      }],
      "reference" : {
        "reference" : "MedicationStatement/self-tylenol-with-compliance"
      },
      "name" : "MedicationStatement Self Tylenol with Compliance Extension Example",
      "description" : "This example demonstrates medication adherence for a self-prescribed Tylenol example for the using an extension on the MedicationRequest. The extension value uses MedicationStatement Adherence Codes.",
      "exampleCanonical" : "http://www.fhir.org/guides/uscdi4-sandbox/StructureDefinition/us-core-medicationstatement",
      "groupingId" : "Medication"
    },
    {
      "extension" : [{
        "url" : "http://hl7.org/fhir/tools/StructureDefinition/resource-information",
        "valueString" : "Observation"
      }],
      "reference" : {
        "reference" : "Observation/medication-adherence-oral-axid"
      },
      "name" : "Observation Medication Adherence Oral Axid (Prescribed) Example",
      "description" : "This is a medication adherance for a prescribed  medication example using Observation.  Both the code and value use SNOMED CT and the MedicationRequest is reference using the basedOn element.",
      "exampleCanonical" : "http://hl7.org/fhir/us/core/StructureDefinition/us-core-simple-observation",
      "groupingId" : "Medication"
    },
    {
      "extension" : [{
        "url" : "http://hl7.org/fhir/tools/StructureDefinition/resource-information",
        "valueString" : "Observation"
      }],
      "reference" : {
        "reference" : "Observation/medication-adherence-oral-axid-boolean"
      },
      "name" : "Observation Medication Adherence Oral Axid (Prescribed) Using Boolean Code Value Pair Example",
      "description" : "This is a medication adherance for a prescribed  medication example using Observation.   The code uses LOINC with an Ordinal scale and value use boolean values and the MedicationRequest is reference using the basedOn element.",
      "exampleCanonical" : "http://hl7.org/fhir/us/core/StructureDefinition/us-core-simple-observation",
      "groupingId" : "Medication"
    },
    {
      "extension" : [{
        "url" : "http://hl7.org/fhir/tools/StructureDefinition/resource-information",
        "valueString" : "Observation"
      }],
      "reference" : {
        "reference" : "Observation/medication-adherence-self-tylenol"
      },
      "name" : "Observation Medication Adherence Self Tylenol (OTC) Example",
      "description" : "This is a medication adherance for a self-prescribed OTC medication example using Observation.  Both the code and value use SNOMED CT and the MedicationRequest is reference using the basedOn element.",
      "exampleCanonical" : "http://hl7.org/fhir/us/core/StructureDefinition/us-core-simple-observation",
      "groupingId" : "Medication"
    },
    {
      "extension" : [{
        "url" : "http://hl7.org/fhir/tools/StructureDefinition/resource-information",
        "valueString" : "Observation"
      }],
      "reference" : {
        "reference" : "Observation/serum-glucose"
      },
      "name" : "Serum Glucose Example",
      "description" : "This is a serum glucose example for the *US Core Observation Lab Profile*.",
      "exampleCanonical" : "http://www.fhir.org/guides/uscdi4-sandbox/StructureDefinition/us-core-observation-lab",
      "groupingId" : "Labs"
    },
    {
      "extension" : [{
        "url" : "http://hl7.org/fhir/tools/StructureDefinition/resource-information",
        "valueString" : "Observation"
      }],
      "reference" : {
        "reference" : "Observation/substance-use-status"
      },
      "name" : "Substance Use Status Example",
      "description" : "This is an Substance-use-status example for the *Simple Observation Profile*.  It is based on the on US Core [Screening and Assessments](http://hl7.org/fhir/us/core/screening-and-assessments.html) guidance using Simple Observations.",
      "exampleCanonical" : "http://hl7.org/fhir/us/core/StructureDefinition/us-core-simple-observation",
      "groupingId" : "Drugs"
    },
    {
      "extension" : [{
        "url" : "http://hl7.org/fhir/tools/StructureDefinition/resource-information",
        "valueString" : "Observation"
      }],
      "reference" : {
        "reference" : "Observation/TAPS-item-example-75889-6"
      },
      "name" : "Taps Item Example 75889-6",
      "description" : "This is a Taps Item Example 75889-6 (How often have you had four or more drinks in one day during the past year [Reported]) for the *US Core Observation Screening Assessment Profile*",
      "exampleCanonical" : "http://hl7.org/fhir/us/core/StructureDefinition/us-core-observation-screening-assessment",
      "groupingId" : "Drugs"
    },
    {
      "extension" : [{
        "url" : "http://hl7.org/fhir/tools/StructureDefinition/resource-information",
        "valueString" : "Observation"
      }],
      "reference" : {
        "reference" : "Observation/TAPS-item-example-88037-7"
      },
      "name" : "Taps Item Example 88037-7",
      "description" : "This is a Taps Item Example 88037-7 (How often have you had five or more drinks in one day during the past year [Reported]) for the *US Core Observation Screening Assessment Profile*",
      "exampleCanonical" : "http://hl7.org/fhir/us/core/StructureDefinition/us-core-observation-screening-assessment",
      "groupingId" : "Drugs"
    },
    {
      "extension" : [{
        "url" : "http://hl7.org/fhir/tools/StructureDefinition/resource-information",
        "valueString" : "Observation"
      }],
      "reference" : {
        "reference" : "Observation/TAPS-item-example-96842-0"
      },
      "name" : "Taps Item Example 96842-0",
      "description" : "This is a Taps Item Example 96842-0 (How often have you used any tobacco product in past 12 months) for the *US Core Observation Screening Assessment Profile*",
      "exampleCanonical" : "http://hl7.org/fhir/us/core/StructureDefinition/us-core-observation-screening-assessment",
      "groupingId" : "Drugs"
    },
    {
      "extension" : [{
        "url" : "http://hl7.org/fhir/tools/StructureDefinition/resource-information",
        "valueString" : "Observation"
      }],
      "reference" : {
        "reference" : "Observation/TAPS-item-example-96843-8"
      },
      "name" : "Taps Item Example 96843-8",
      "description" : "This is a Taps Item Example 96843-8 (How often have you used illegal or recreational drugs in past 12 months) for the *US Core Observation Screening Assessment Profile*",
      "exampleCanonical" : "http://hl7.org/fhir/us/core/StructureDefinition/us-core-observation-screening-assessment",
      "groupingId" : "Drugs"
    },
    {
      "extension" : [{
        "url" : "http://hl7.org/fhir/tools/StructureDefinition/resource-information",
        "valueString" : "Observation"
      }],
      "reference" : {
        "reference" : "Observation/TAPS-item-example-96844-6"
      },
      "name" : "Taps Item Example 96844-6",
      "description" : "This is a Taps Item Example 96844-6 (How often have you used any prescription medications just for the feeling, more than prescribed or that were not prescribed for you in past 12 months [TAPS]) for the *US Core Observation Screening Assessment Profile*",
      "exampleCanonical" : "http://hl7.org/fhir/us/core/StructureDefinition/us-core-observation-screening-assessment",
      "groupingId" : "Drugs"
    },
    {
      "extension" : [{
        "url" : "http://hl7.org/fhir/tools/StructureDefinition/resource-information",
        "valueString" : "Observation"
      }],
      "reference" : {
        "reference" : "Observation/TAPS-panel-example-96841-2"
      },
      "name" : "Taps Panel Example 96841-2",
      "description" : "This is a Taps Panel Example 96841-2 (Tobacco, Alcohol, Prescription medications, and other Substance use screen [TAPS]) for the *US Core Observation Screening Assessment Profile*",
      "exampleCanonical" : "http://hl7.org/fhir/us/core/StructureDefinition/us-core-observation-screening-assessment",
      "groupingId" : "Drugs"
    },
    {
      "extension" : [{
        "url" : "http://hl7.org/fhir/tools/StructureDefinition/resource-information",
        "valueString" : "Questionnaire"
      }],
      "reference" : {
        "reference" : "Questionnaire/TAPS"
      },
      "name" : "Tobacco, Alcohol, Prescription medications, and other Substance use screen [TAPS] Questionnaire Example",
      "description" : "Tobacco, Alcohol, Prescription medications, and other Substance use screen [TAPS] questionnaire example. It is based on the on US Core [Screening and Assessments](http://hl7.org/fhir/us/core/screening-and-assessments.html) guidance using Questionnaire/QuestionnaireResponse resources.",
      "exampleBoolean" : true,
      "groupingId" : "Drugs"
    },
    {
      "extension" : [{
        "url" : "http://hl7.org/fhir/tools/StructureDefinition/resource-information",
        "valueString" : "QuestionnaireResponse"
      }],
      "reference" : {
        "reference" : "QuestionnaireResponse/TAPS"
      },
      "name" : "Tobacco, Alcohol, Prescription medications, and other Substance use screen [TAPS] QuestionnaireResponse Example",
      "description" : "This is the [LHC Form](https://loinc.org/lhc-forms/)  Tobacco, Alcohol, Prescription medications, and other Substance use screen [TAPS] QuestionnaireResponse example. It is based on the on US Core [Screening and Assessments](http://hl7.org/fhir/us/core/screening-and-assessments.html) guidance using Questionnaire/QuestionnaireResponse resources.",
      "exampleCanonical" : "http://hl7.org/fhir/us/core/StructureDefinition/us-core-questionnaireresponse",
      "groupingId" : "Drugs"
    },
    {
      "extension" : [{
        "url" : "http://hl7.org/fhir/tools/StructureDefinition/resource-information",
        "valueString" : "Observation"
      }],
      "reference" : {
        "reference" : "Observation/intervention-preference"
      },
      "name" : "Treatment Intervention Preference Example",
      "description" : "This is an intervention preference example for the *Treatment Intervention Profile*.  It is based on the *US Core Simple Observation Profile*.",
      "exampleCanonical" : "http://www.fhir.org/guides/uscdi4-sandbox/StructureDefinition/us-core-treatment-intervention-preference",
      "groupingId" : "Preferences"
    },
    {
      "extension" : [{
        "url" : "http://hl7.org/fhir/tools/StructureDefinition/resource-information",
        "valueString" : "StructureDefinition:resource"
      }],
      "reference" : {
        "reference" : "StructureDefinition/us-core-average-blood-pressure"
      },
      "name" : "US Core Average Blood Pressure Profile",
      "description" : "To promote interoperability and adoption through common implementation, this profile sets minimum expectations for the Observation resource to record, search, and fetch average diastolic and systolic blood pressure observations with standard LOINC codes and UCUM units of measure. It is based on the US Core Vital Signs Profile and identifies which *additional* core elements, extensions, vocabularies, and value sets **SHALL** be present and constrains the way the elements are used when using the profile. It provides the floor for standards development for specific use cases.",
      "exampleBoolean" : false,
      "groupingId" : "AvgBP"
    },
    {
      "extension" : [{
        "url" : "http://hl7.org/fhir/tools/StructureDefinition/resource-information",
        "valueString" : "ValueSet"
      }],
      "reference" : {
        "reference" : "ValueSet/uscore-care-experience-preference"
      },
      "name" : "US Core Care Experience Preference Codes",
      "description" : "A code representing an individual's care experience preferences.",
      "exampleBoolean" : false,
      "groupingId" : "Preferences"
    },
    {
      "extension" : [{
        "url" : "http://hl7.org/fhir/tools/StructureDefinition/resource-information",
        "valueString" : "StructureDefinition:resource"
      }],
      "reference" : {
        "reference" : "StructureDefinition/us-core-care-experience-preference"
      },
      "name" : "US Core Care Experience Preference Profile",
      "description" : "To promote interoperability and adoption through common implementation, this profile sets minimum expectations for the Observation resource to record, search, and fetch for a patient's care experience preferences. It is based on the US Core Simple Profile and identifies which *additional* core elements, extensions, vocabularies, and value sets **SHALL** be present and constrains the way the elements are used when using the profile. It provides the floor for standards development for specific use cases.",
      "exampleBoolean" : false,
      "groupingId" : "Preferences"
    },
    {
      "extension" : [{
        "url" : "http://hl7.org/fhir/tools/StructureDefinition/resource-information",
        "valueString" : "StructureDefinition:resource"
      }],
      "reference" : {
        "reference" : "StructureDefinition/us-core-observation-lab"
      },
      "name" : "US Core Laboratory Result Observation Profile",
      "description" : "The US Core Laboratory Result Observation Profile is based upon the US Core Observation Clinical Result Profile and, along with the US Core DiagnosticReport Profile for Laboratory Results Reporting, meets the U.S. Core Data for Interoperability (USCDI) Laboratory requirements. Laboratory results are grouped and summarized using the DiagnosticReport resource, which references Observation resources. Each Observation resource represents an individual laboratory test and result value, a “nested” panel (such as a microbial susceptibility panel) that references other observations, or rarely a laboratory test with component result values. The US Core Laboratory Result Observation Profile sets minimum expectations for the Observation resource to record, search, and fetch laboratory test results associated with a patient to promote interoperability and adoption through common implementation. It identifies which core elements, extensions, vocabularies, and value sets SHALL be present in the resource and constrains the way the elements are used when using this profile. It provides the floor for standards development for specific use cases.",
      "exampleBoolean" : false,
      "groupingId" : "Labs"
    },
    {
      "extension" : [{
        "url" : "http://hl7.org/fhir/tools/StructureDefinition/resource-information",
        "valueString" : "StructureDefinition:resource"
      }],
      "reference" : {
        "reference" : "StructureDefinition/us-core-location"
      },
      "name" : "US Core Location Profile",
      "description" : "This profile sets minimum expectations for the Location resource for recording, searching, and fetching a \"physical place of available services or resources.\"  It identifies which core elements, extensions, vocabularies, and value sets **SHALL** be present and constrains how the elements are used when using the profile.  It provides the floor for standards development for specific use cases to promote interoperability and adoption through common implementation.",
      "exampleBoolean" : false,
      "groupingId" : "Facility"
    },
    {
      "extension" : [{
        "url" : "http://hl7.org/fhir/tools/StructureDefinition/resource-information",
        "valueString" : "StructureDefinition:extension"
      }],
      "reference" : {
        "reference" : "StructureDefinition/us-core-medicationrequest-compliance-extension"
      },
      "name" : "US Core Medication Compliance Extension",
      "description" : "A MedicationRequest extension for indicating whether the medication is or is not being consumed or administered",
      "exampleBoolean" : false,
      "groupingId" : "Medication"
    },
    {
      "extension" : [{
        "url" : "http://hl7.org/fhir/tools/StructureDefinition/resource-information",
        "valueString" : "ValueSet"
      }],
      "reference" : {
        "reference" : "ValueSet/uscore-medicationstatement-status"
      },
      "name" : "US Core Medication Status Codes",
      "description" : "A code specifying the state of the statement.  Generally, this will be active or completed state.  This value set excludes the concept used internally by the FHIR specification, not-taken,on-hold,stopped, and unknown, because they are covered by the medication adherence extension.",
      "exampleBoolean" : false,
      "groupingId" : "Medication"
    },
    {
      "extension" : [{
        "url" : "http://hl7.org/fhir/tools/StructureDefinition/resource-information",
        "valueString" : "StructureDefinition:resource"
      }],
      "reference" : {
        "reference" : "StructureDefinition/us-core-medicationstatement"
      },
      "name" : "US Core MedicationStatement",
      "description" : "Profile of MedicationStatement to support medication adherence - record of a statement of whether a medication has been consumed according to instructions.\nThis profile sets minimum expectations for the MedicationStatement resource to record, search, and fetch a record of a statement of whether a medication has been consumed according to instructions.  It identifies which core elements, extensions, vocabularies, and value sets **SHALL** be present in the resource and constrains the way the elements are used when using this profile.  It provides the floor for standards development for specific use cases to promote interoperability and adoption through common implementation.",
      "exampleBoolean" : false,
      "groupingId" : "Medication"
    },
    {
      "extension" : [{
        "url" : "http://hl7.org/fhir/tools/StructureDefinition/resource-information",
        "valueString" : "StructureDefinition:resource"
      }],
      "reference" : {
        "reference" : "StructureDefinition/us-core-specimen"
      },
      "name" : "US Core Specimen Profile",
      "description" : "This profile sets minimum expectations for the Specimen resource to record, search, and fetch \"substances being sampled or tested. (e.g., nasopharyngeal swab, whole blood, serum, urine, wound swab)\" associated with a patient to promote interoperability and adoption through common implementation.  It identifies which core elements, extensions, vocabularies, and value sets **SHALL** be present in the resource and constrains the way the elements are used when using this profile.  It provides the floor for standards development for specific use cases.",
      "exampleBoolean" : false,
      "groupingId" : "Labs"
    },
    {
      "extension" : [{
        "url" : "http://hl7.org/fhir/tools/StructureDefinition/resource-information",
        "valueString" : "CodeSystem"
      }],
      "reference" : {
        "reference" : "CodeSystem/uscore-treatment-intervention-preference"
      },
      "name" : "US Core Treatment Intervention Preference CodeSystem",
      "description" : "A code representing an individual's medical intervention (treatment) preferences.",
      "exampleBoolean" : false,
      "groupingId" : "Preferences"
    },
    {
      "extension" : [{
        "url" : "http://hl7.org/fhir/tools/StructureDefinition/resource-information",
        "valueString" : "StructureDefinition:resource"
      }],
      "reference" : {
        "reference" : "StructureDefinition/us-core-treatment-intervention-preference"
      },
      "name" : "US Core Treatment Intervention Preference Profile",
      "description" : "To promote interoperability and adoption through common implementation, this profile sets minimum expectations for the Observation resource to record, search, and fetch for a patient's treatment intervention preferences. It is based on the US Core Simple Profile and identifies which *additional* core elements, extensions, vocabularies, and value sets **SHALL** be present and constrains the way the elements are used when using the profile. It provides the floor for standards development for specific use cases.",
      "exampleBoolean" : false,
      "groupingId" : "Preferences"
    },
    {
      "extension" : [{
        "url" : "http://hl7.org/fhir/tools/StructureDefinition/resource-information",
        "valueString" : "ValueSet"
      }],
      "reference" : {
        "reference" : "ValueSet/uscore-treatment-intervention-preference"
      },
      "name" : "US Core Treatment Intervention Preference ValueSet",
      "description" : "A code representing an individual's medical intervention (treatment) preferences.",
      "exampleBoolean" : false,
      "groupingId" : "Preferences"
    }],
    "page" : {
      "extension" : [{
        "url" : "http://hl7.org/fhir/StructureDefinition/structuredefinition-standards-status",
        "valueCode" : "informative"
      },
      {
        "url" : "http://hl7.org/fhir/tools/StructureDefinition/ig-page-name",
        "valueUrl" : "toc.html"
      }],
      "nameUrl" : "toc.html",
      "title" : "Table of Contents",
      "generation" : "html",
      "page" : [{
        "extension" : [{
          "url" : "http://hl7.org/fhir/StructureDefinition/structuredefinition-standards-status",
          "valueCode" : "draft"
        },
        {
          "url" : "http://hl7.org/fhir/tools/StructureDefinition/ig-page-name",
          "valueUrl" : "index.html"
        }],
        "nameUrl" : "index.html",
        "title" : "Home",
        "generation" : "markdown"
      },
      {
        "extension" : [{
          "url" : "http://hl7.org/fhir/StructureDefinition/structuredefinition-standards-status",
          "valueCode" : "informative"
        },
        {
          "url" : "http://hl7.org/fhir/tools/StructureDefinition/ig-page-name",
          "valueUrl" : "guidance.html"
        }],
        "nameUrl" : "guidance.html",
        "title" : "Guidance",
        "generation" : "markdown"
      },
      {
        "extension" : [{
          "url" : "http://hl7.org/fhir/StructureDefinition/structuredefinition-standards-status",
          "valueCode" : "informative"
        },
        {
          "url" : "http://hl7.org/fhir/tools/StructureDefinition/ig-page-name",
          "valueUrl" : "downloads.html"
        }],
        "nameUrl" : "downloads.html",
        "title" : "Downloads",
        "generation" : "markdown"
      },
      {
        "extension" : [{
          "url" : "http://hl7.org/fhir/StructureDefinition/structuredefinition-standards-status",
          "valueCode" : "informative"
        },
        {
          "url" : "http://hl7.org/fhir/tools/StructureDefinition/ig-page-name",
          "valueUrl" : "ImplementationGuide.html"
        }],
        "nameUrl" : "ImplementationGuide.html",
        "title" : "USCDI4 Sandbox ImplementationGuide Resource",
        "generation" : "markdown"
      },
      {
        "extension" : [{
          "url" : "http://hl7.org/fhir/StructureDefinition/structuredefinition-standards-status",
          "valueCode" : "informative"
        },
        {
          "url" : "http://hl7.org/fhir/tools/StructureDefinition/ig-page-name",
          "valueUrl" : "changes.html"
        }],
        "nameUrl" : "changes.html",
        "title" : "Change Log",
        "generation" : "markdown"
      }]
    },
    "parameter" : [{
      "code" : "path-resource",
      "value" : "input/resources"
    },
    {
      "code" : "path-resource",
      "value" : "fsh-generated/resources"
    },
    {
      "code" : "path-resource",
      "value" : "input/intro-notes"
    },
    {
      "code" : "path-resource",
      "value" : "input/capabilities"
    },
    {
      "code" : "path-resource",
      "value" : "input/examples"
    },
    {
      "code" : "path-resource",
      "value" : "input/extensions"
    },
    {
      "code" : "path-resource",
      "value" : "input/models"
    },
    {
      "code" : "path-resource",
      "value" : "input/operations"
    },
    {
      "code" : "path-resource",
      "value" : "input/profiles"
    },
    {
      "code" : "path-resource",
      "value" : "input/vocabulary"
    },
    {
      "code" : "path-resource",
      "value" : "input/testing"
    },
    {
      "code" : "path-resource",
      "value" : "input/history"
    },
    {
      "code" : "path-pages",
      "value" : "template/config"
    },
    {
      "code" : "path-pages",
      "value" : "input/images"
    },
    {
      "code" : "path-tx-cache",
      "value" : "input-cache/txcache"
    }]
  }
}