<?xml version="1.0" encoding="UTF-8"?>

<Location xmlns="http://hl7.org/fhir">
  <id value="hospital"/>
  <meta>
    <extension url="http://hl7.org/fhir/StructureDefinition/instance-name">
      <valueString value="Hospital Location"/>
    </extension>
    <extension url="http://hl7.org/fhir/StructureDefinition/instance-description">
      <valueMarkdown value="This is an example hospital location for the *US Core Location Profile*."/>
    </extension>
    <profile value="http://www.fhir.org/guides/uscdi4-sandbox/StructureDefinition/us-core-location"/>
  </meta>
  <text>
    <status value="generated"/><div xmlns="http://www.w3.org/1999/xhtml"><p><b>Generated Narrative: Location</b><a name="hospital"> </a></p><div style="display: inline-block; background-color: #d9e0e7; padding: 6px; margin: 4px; border: 1px solid #8da1b4; border-radius: 5px; line-height: 60%"><p style="margin-bottom: 0px">Resource Location &quot;hospital&quot; </p><p style="margin-bottom: 0px">Profile: <a href="StructureDefinition-us-core-location.html">US Core Location Profile</a></p></div><p><b>identifier</b>: id: 1234567893</p><p><b>status</b>: active</p><p><b>name</b>: Holy Family Hospital</p><p><b>type</b>: Hospital <span style="background: LightGoldenRodYellow; margin: 4px; border: 1px solid khaki"> (<a href="http://terminology.hl7.org/5.0.0/CodeSystem-v3-RoleCode.html">RoleCode</a>#HOSP)</span></p><p><b>telecom</b>: ph: 9786870156</p><p><b>address</b>: 70 EAST STREET METHUEN MA 01844 US </p><p><b>managingOrganization</b>: <a href="http://www.hl7.org/fhir/us/core/Organization/holy-healthcare">http://www.hl7.org/fhir/us/core/Organization/holy-healthcare: Holy Healthcare</a></p></div>
  </text>
  <identifier>
    <system value="http://hl7.org/fhir/sid/us-npi"/>
    <value value="1234567893"/>
  </identifier>
  <status value="active"/>
  <name value="Holy Family Hospital"/>
  <type>
    <coding>
      <system value="http://terminology.hl7.org/CodeSystem/v3-RoleCode"/>
      <code value="HOSP"/>
      <display value="Hospital"/>
    </coding>
    <text value="Hospital"/>
  </type>
  <telecom>
    <system value="phone"/>
    <value value="9786870156"/>
  </telecom>
  <address>
    <line value="70 EAST STREET"/>
    <city value="METHUEN"/>
    <state value="MA"/>
    <postalCode value="01844"/>
    <country value="US"/>
  </address>
  <managingOrganization>
    <reference value="http://www.hl7.org/fhir/us/core/Organization/holy-healthcare"/>
    <display value="Holy Healthcare"/>
  </managingOrganization>
</Location>