<?xml version="1.0" encoding="UTF-8"?>

<MedicationRequest xmlns="http://hl7.org/fhir">
  <id value="self-tylenol-with-compliance"/>
  <meta>
    <extension url="http://hl7.org/fhir/StructureDefinition/instance-name">
      <valueString value="MedicationRequest Self Tylenol with Compliance Extension Example"/>
    </extension>
    <extension url="http://hl7.org/fhir/StructureDefinition/instance-description">
      <valueMarkdown value="This example demonstrates medication adherence for a self-prescribed Tylenol example for the using an extension on the MedicationRequest. The extension value uses SNOMED CT."/>
    </extension>
    <profile value="http://hl7.org/fhir/us/core/StructureDefinition/us-core-medicationrequest"/>
  </meta>
  <text>
    <status value="generated"/><div xmlns="http://www.w3.org/1999/xhtml"><p><b>Generated Narrative: MedicationRequest</b><a name="self-tylenol-with-compliance"> </a></p><div style="display: inline-block; background-color: #d9e0e7; padding: 6px; margin: 4px; border: 1px solid #8da1b4; border-radius: 5px; line-height: 60%"><p style="margin-bottom: 0px">Resource MedicationRequest &quot;self-tylenol-with-compliance&quot; </p><p style="margin-bottom: 0px">Profile: <a href="http://hl7.org/fhir/us/core/STU6.1/StructureDefinition-us-core-medicationrequest.html">US Core MedicationRequest Profile</a></p></div><p><b>identifier</b>: id: 12345689 (use: OFFICIAL)</p><p><b>status</b>: active</p><p><b>intent</b>: plan</p><p><b>reported</b>: true</p><p><b>medication</b>: Tylenol PM Pill <span style="background: LightGoldenRodYellow; margin: 4px; border: 1px solid khaki"> (<a href="http://terminology.hl7.org/5.0.0/CodeSystem-v3-rxNorm.html">RxNorm</a>#1187314)</span></p><p><b>subject</b>: <a href="http://www.hl7.org/fhir/us/core/Patient/example">http://www.hl7.org/fhir/us/core/Patient/example: Amy V. Shaw</a></p><p><b>encounter</b>: <a href="http://www.hl7.org/fhir/us/core/Encounter/example-1">http://www.hl7.org/fhir/us/core/Encounter/example-1: Office Visit</a></p><p><b>authoredOn</b>: 2019-06-24</p><p><b>requester</b>: <a href="http://www.hl7.org/fhir/us/core/Patient/example">http://www.hl7.org/fhir/us/core/Patient/example: **self-prescribed**</a></p><p><b>reasonCode</b>: Restless Leg Syndrome <span style="background: LightGoldenRodYellow; margin: 4px; border: 1px solid khaki"> (<a href="https://browser.ihtsdotools.org/">SNOMED CT[US]</a>#32914008 &quot;Restless legs (disorder) |&quot;)</span></p><h3>DosageInstructions</h3><table class="grid"><tr><td style="display: none">-</td><td><b>Text</b></td></tr><tr><td style="display: none">*</td><td>Takes 1-2 tablets once daily at bedtime as needed for restless legs</td></tr></table></div>
  </text>
  <extension url="http://www.fhir.org/guides/uscdi4-sandbox/StructureDefinition/us-core-medicationrequest-compliance-extension">
    <extension url="medAdherence">
      <valueCodeableConcept>
        <coding>
          <system value="http://hl7.org/fhir/CodeSystem/medication-statement-adherence"/>
          <code value="unknown"/>
          <display value="Unknown"/>
        </coding>
      </valueCodeableConcept>
    </extension>
    <extension url="timeStamp">
      <valueDateTime value="2023-08-11T08:15:49.449Z"/>
    </extension>
    <extension url="reporter">
      <valueReference>
        <reference value="http://www.hl7.org/fhir/us/core/Patient/example"/>
        <display value="Amy Shaw"/>
      </valueReference>
    </extension>
  </extension>
  <identifier>
    <use value="official"/>
    <system value="http://acme.org/prescriptions"/>
    <value value="12345689"/>
  </identifier>
  <status value="active"/>
  <intent value="plan"/>
  <reportedBoolean value="true"/>
  <medicationCodeableConcept>
    <coding>
      <system value="http://www.nlm.nih.gov/research/umls/rxnorm"/>
      <code value="1187314"/>
      <display value="Tylenol PM Pill"/>
    </coding>
    <text value="Tylenol PM Pill"/>
  </medicationCodeableConcept>
  <subject>
    <reference value="http://www.hl7.org/fhir/us/core/Patient/example"/>
    <display value="Amy V. Shaw"/>
  </subject>
  <encounter>
    <reference value="http://www.hl7.org/fhir/us/core/Encounter/example-1"/>
    <display value="Office Visit"/>
  </encounter>
  <authoredOn value="2019-06-24"/>
  <requester>
    <reference value="http://www.hl7.org/fhir/us/core/Patient/example"/>
    <display value="**self-prescribed**"/>
  </requester>
  <reasonCode>
    <coding>
      <system value="http://snomed.info/sct"/>
      <version value="http://snomed.info/sct/731000124108"/>
      <code value="32914008"/>
      <display value="Restless legs (disorder) |"/>
    </coding>
    <text value="Restless Leg Syndrome"/>
  </reasonCode>
  <dosageInstruction>
    <text value="Takes 1-2 tablets once daily at bedtime as needed for restless legs"/>
  </dosageInstruction>
</MedicationRequest>