{
  "resourceType" : "MedicationRequest",
  "id" : "coded-oral-axid-with-compliance",
  "meta" : {
    "extension" : [{
      "url" : "http://hl7.org/fhir/StructureDefinition/instance-name",
      "valueString" : "MedicationRequest Coded Oral Axid with Compliance Extension Example"
    },
    {
      "url" : "http://hl7.org/fhir/StructureDefinition/instance-description",
      "valueMarkdown" : "This example demonstrates medication adherence for a prescribed medication example using an extension on the MedicationRequest. The extension value uses SNOMED CT."
    }],
    "profile" : ["http://hl7.org/fhir/us/core/StructureDefinition/us-core-medicationrequest"]
  },
  "text" : {
    "status" : "generated",
    "div" : "<div xmlns=\"http://www.w3.org/1999/xhtml\"><p><b>Generated Narrative: MedicationRequest</b><a name=\"coded-oral-axid-with-compliance\"> </a></p><div style=\"display: inline-block; background-color: #d9e0e7; padding: 6px; margin: 4px; border: 1px solid #8da1b4; border-radius: 5px; line-height: 60%\"><p style=\"margin-bottom: 0px\">Resource MedicationRequest &quot;coded-oral-axid-with-compliance&quot; </p><p style=\"margin-bottom: 0px\">Profile: <a href=\"http://hl7.org/fhir/us/core/STU6.1/StructureDefinition-us-core-medicationrequest.html\">US Core MedicationRequest Profile</a></p></div><p><b>status</b>: active</p><p><b>intent</b>: order</p><p><b>medication</b>: Nizatidine 15 MG/ML Oral Solution <span style=\"background: LightGoldenRodYellow; margin: 4px; border: 1px solid khaki\"> (<a href=\"http://terminology.hl7.org/5.0.0/CodeSystem-v3-rxNorm.html\">RxNorm</a>#476872)</span></p><p><b>subject</b>: <a href=\"http://www.hl7.org/fhir/us/core/Patient/example\">http://www.hl7.org/fhir/us/core/Patient/example: Amy Shaw</a></p><p><b>authoredOn</b>: 2008-04-05</p><p><b>requester</b>: <a href=\"https://www.hl7.org/fhir/us/core/Practitioner/practitioner-1\">https://www.hl7.org/fhir/us/core/Practitioner/practitioner-1: Ronald Bone, MD</a></p><p><b>reasonCode</b>: Active Duodenal Ulcer <span style=\"background: LightGoldenRodYellow; margin: 4px; border: 1px solid khaki\"> (<a href=\"https://browser.ihtsdotools.org/\">SNOMED CT[US]</a>#51868009 &quot;Ulcer of duodenum (disorder)&quot;)</span></p><blockquote><p><b>dosageInstruction</b></p><p><b>text</b>: 10 mL bid</p><p><b>timing</b>: Starting 2008-04-05, 2 per 1 days</p><blockquote><p><b>doseAndRate</b></p></blockquote></blockquote><blockquote><p><b>dispenseRequest</b></p><p><b>numberOfRepeatsAllowed</b>: 1</p><p><b>quantity</b>: 480 mL<span style=\"background: LightGoldenRodYellow\"> (Details: UCUM code mL = 'mL')</span></p><h3>ExpectedSupplyDurations</h3><table class=\"grid\"><tr><td style=\"display: none\">-</td><td><b>Value</b></td><td><b>Unit</b></td><td><b>System</b></td><td><b>Code</b></td></tr><tr><td style=\"display: none\">*</td><td>30</td><td>days</td><td><a href=\"http://terminology.hl7.org/5.0.0/CodeSystem-v3-ucum.html\">Unified Code for Units of Measure (UCUM)</a></td><td>d</td></tr></table></blockquote></div>"
  },
  "extension" : [{
    "extension" : [{
      "url" : "medAdherence",
      "valueCodeableConcept" : {
        "coding" : [{
          "system" : "http://hl7.org/fhir/CodeSystem/medication-statement-adherence",
          "code" : "taking-not-as-directed",
          "display" : "Taking Not As Directed"
        }]
      }
    },
    {
      "url" : "timeStamp",
      "valueDateTime" : "2023-08-11T08:15:49.449Z"
    },
    {
      "url" : "reporter",
      "valueReference" : {
        "reference" : "http://www.hl7.org/fhir/us/core/Patient/example",
        "display" : "Amy Shaw"
      }
    }],
    "url" : "http://www.fhir.org/guides/uscdi4-sandbox/StructureDefinition/us-core-medicationrequest-compliance-extension"
  }],
  "status" : "active",
  "intent" : "order",
  "medicationCodeableConcept" : {
    "coding" : [{
      "system" : "http://www.nlm.nih.gov/research/umls/rxnorm",
      "code" : "476872",
      "display" : "Nizatidine 15 MG/ML Oral Solution"
    }],
    "text" : "Nizatidine 15 MG/ML Oral Solution"
  },
  "subject" : {
    "reference" : "http://www.hl7.org/fhir/us/core/Patient/example",
    "display" : "Amy Shaw"
  },
  "authoredOn" : "2008-04-05",
  "requester" : {
    "reference" : "https://www.hl7.org/fhir/us/core/Practitioner/practitioner-1",
    "display" : "Ronald Bone, MD"
  },
  "reasonCode" : [{
    "coding" : [{
      "system" : "http://snomed.info/sct",
      "version" : "http://snomed.info/sct/731000124108",
      "code" : "51868009",
      "display" : "Ulcer of duodenum (disorder)"
    }],
    "text" : "Active Duodenal Ulcer"
  }],
  "dosageInstruction" : [{
    "text" : "10 mL bid",
    "timing" : {
      "repeat" : {
        "boundsPeriod" : {
          "start" : "2008-04-05"
        },
        "frequency" : 2,
        "period" : 1,
        "periodUnit" : "d"
      }
    },
    "doseAndRate" : [{
      "doseQuantity" : {
        "value" : 10,
        "unit" : "ml",
        "system" : "http://unitsofmeasure.org",
        "code" : "mL"
      }
    }]
  }],
  "dispenseRequest" : {
    "numberOfRepeatsAllowed" : 1,
    "quantity" : {
      "value" : 480,
      "unit" : "mL",
      "system" : "http://unitsofmeasure.org",
      "code" : "mL"
    },
    "expectedSupplyDuration" : {
      "value" : 30,
      "unit" : "days",
      "system" : "http://unitsofmeasure.org",
      "code" : "d"
    }
  }
}