<?xml version="1.0" encoding="UTF-8"?>

<MedicationRequest xmlns="http://hl7.org/fhir">
  <id value="coded-oral-axid-with-compliance"/>
  <meta>
    <extension url="http://hl7.org/fhir/StructureDefinition/instance-name">
      <valueString value="MedicationRequest Coded Oral Axid with Compliance Extension Example"/>
    </extension>
    <extension url="http://hl7.org/fhir/StructureDefinition/instance-description">
      <valueMarkdown value="This example demonstrates medication adherence for a prescribed medication example using an extension on the MedicationRequest. The extension value uses SNOMED CT."/>
    </extension>
    <profile value="http://hl7.org/fhir/us/core/StructureDefinition/us-core-medicationrequest"/>
  </meta>
  <text>
    <status value="generated"/><div xmlns="http://www.w3.org/1999/xhtml"><p><b>Generated Narrative: MedicationRequest</b><a name="coded-oral-axid-with-compliance"> </a></p><div style="display: inline-block; background-color: #d9e0e7; padding: 6px; margin: 4px; border: 1px solid #8da1b4; border-radius: 5px; line-height: 60%"><p style="margin-bottom: 0px">Resource MedicationRequest &quot;coded-oral-axid-with-compliance&quot; </p><p style="margin-bottom: 0px">Profile: <a href="http://hl7.org/fhir/us/core/STU6.1/StructureDefinition-us-core-medicationrequest.html">US Core MedicationRequest Profile</a></p></div><p><b>status</b>: active</p><p><b>intent</b>: order</p><p><b>medication</b>: Nizatidine 15 MG/ML Oral Solution <span style="background: LightGoldenRodYellow; margin: 4px; border: 1px solid khaki"> (<a href="http://terminology.hl7.org/5.0.0/CodeSystem-v3-rxNorm.html">RxNorm</a>#476872)</span></p><p><b>subject</b>: <a href="http://www.hl7.org/fhir/us/core/Patient/example">http://www.hl7.org/fhir/us/core/Patient/example: Amy Shaw</a></p><p><b>authoredOn</b>: 2008-04-05</p><p><b>requester</b>: <a href="https://www.hl7.org/fhir/us/core/Practitioner/practitioner-1">https://www.hl7.org/fhir/us/core/Practitioner/practitioner-1: Ronald Bone, MD</a></p><p><b>reasonCode</b>: Active Duodenal Ulcer <span style="background: LightGoldenRodYellow; margin: 4px; border: 1px solid khaki"> (<a href="https://browser.ihtsdotools.org/">SNOMED CT[US]</a>#51868009 &quot;Ulcer of duodenum (disorder)&quot;)</span></p><blockquote><p><b>dosageInstruction</b></p><p><b>text</b>: 10 mL bid</p><p><b>timing</b>: Starting 2008-04-05, 2 per 1 days</p><blockquote><p><b>doseAndRate</b></p></blockquote></blockquote><blockquote><p><b>dispenseRequest</b></p><p><b>numberOfRepeatsAllowed</b>: 1</p><p><b>quantity</b>: 480 mL<span style="background: LightGoldenRodYellow"> (Details: UCUM code mL = 'mL')</span></p><h3>ExpectedSupplyDurations</h3><table class="grid"><tr><td style="display: none">-</td><td><b>Value</b></td><td><b>Unit</b></td><td><b>System</b></td><td><b>Code</b></td></tr><tr><td style="display: none">*</td><td>30</td><td>days</td><td><a href="http://terminology.hl7.org/5.0.0/CodeSystem-v3-ucum.html">Unified Code for Units of Measure (UCUM)</a></td><td>d</td></tr></table></blockquote></div>
  </text>
  <extension url="http://www.fhir.org/guides/uscdi4-sandbox/StructureDefinition/us-core-medicationrequest-compliance-extension">
    <extension url="medAdherence">
      <valueCodeableConcept>
        <coding>
          <system value="http://hl7.org/fhir/CodeSystem/medication-statement-adherence"/>
          <code value="taking-not-as-directed"/>
          <display value="Taking Not As Directed"/>
        </coding>
      </valueCodeableConcept>
    </extension>
    <extension url="timeStamp">
      <valueDateTime value="2023-08-11T08:15:49.449Z"/>
    </extension>
    <extension url="reporter">
      <valueReference>
        <reference value="http://www.hl7.org/fhir/us/core/Patient/example"/>
        <display value="Amy Shaw"/>
      </valueReference>
    </extension>
  </extension>
  <status value="active"/>
  <intent value="order"/>
  <medicationCodeableConcept>
    <coding>
      <system value="http://www.nlm.nih.gov/research/umls/rxnorm"/>
      <code value="476872"/>
      <display value="Nizatidine 15 MG/ML Oral Solution"/>
    </coding>
    <text value="Nizatidine 15 MG/ML Oral Solution"/>
  </medicationCodeableConcept>
  <subject>
    <reference value="http://www.hl7.org/fhir/us/core/Patient/example"/>
    <display value="Amy Shaw"/>
  </subject>
  <authoredOn value="2008-04-05"/>
  <requester>
    <reference value="https://www.hl7.org/fhir/us/core/Practitioner/practitioner-1"/>
    <display value="Ronald Bone, MD"/>
  </requester>
  <reasonCode>
    <coding>
      <system value="http://snomed.info/sct"/>
      <version value="http://snomed.info/sct/731000124108"/>
      <code value="51868009"/>
      <display value="Ulcer of duodenum (disorder)"/>
    </coding>
    <text value="Active Duodenal Ulcer"/>
  </reasonCode>
  <dosageInstruction>
    <text value="10 mL bid"/>
    <timing>
      <repeat>
        <boundsPeriod>
          <start value="2008-04-05"/>
        </boundsPeriod>
        <frequency value="2"/>
        <period value="1"/>
        <periodUnit value="d"/>
      </repeat>
    </timing>
    <doseAndRate>
      <doseQuantity>
        <value value="10"/>
        <unit value="ml"/>
        <system value="http://unitsofmeasure.org"/>
        <code value="mL"/>
      </doseQuantity>
    </doseAndRate>
  </dosageInstruction>
  <dispenseRequest>
    <numberOfRepeatsAllowed value="1"/>
    <quantity>
      <value value="480"/>
      <unit value="mL"/>
      <system value="http://unitsofmeasure.org"/>
      <code value="mL"/>
    </quantity>
    <expectedSupplyDuration>
      <value value="30"/>
      <unit value="days"/>
      <system value="http://unitsofmeasure.org"/>
      <code value="d"/>
    </expectedSupplyDuration>
  </dispenseRequest>
</MedicationRequest>