{
  "resourceType" : "Observation",
  "id" : "serum-glucose",
  "meta" : {
    "extension" : [{
      "url" : "http://hl7.org/fhir/StructureDefinition/instance-name",
      "valueString" : "Serum Glucose Example"
    },
    {
      "url" : "http://hl7.org/fhir/StructureDefinition/instance-description",
      "valueMarkdown" : "This is a serum glucose example for the *US Core Observation Lab Profile*."
    }],
    "versionId" : "1165",
    "profile" : ["http://www.fhir.org/guides/uscdi4-sandbox/StructureDefinition/us-core-observation-lab"]
  },
  "text" : {
    "status" : "generated",
    "div" : "<div xmlns=\"http://www.w3.org/1999/xhtml\"><p><b>Generated Narrative: Observation</b><a name=\"serum-glucose\"> </a></p><div style=\"display: inline-block; background-color: #d9e0e7; padding: 6px; margin: 4px; border: 1px solid #8da1b4; border-radius: 5px; line-height: 60%\"><p style=\"margin-bottom: 0px\">Resource Observation &quot;serum-glucose&quot; Version &quot;1165&quot; </p><p style=\"margin-bottom: 0px\">Profile: <a href=\"StructureDefinition-us-core-observation-lab.html\">US Core Laboratory Result Observation Profile</a></p></div><p><b>status</b>: final</p><p><b>category</b>: Laboratory <span style=\"background: LightGoldenRodYellow; margin: 4px; border: 1px solid khaki\"> (<a href=\"http://terminology.hl7.org/5.0.0/CodeSystem-observation-category.html\">Observation Category Codes</a>#laboratory)</span></p><p><b>code</b>: Glucose SerPl-mCnc <span style=\"background: LightGoldenRodYellow; margin: 4px; border: 1px solid khaki\"> (<a href=\"https://loinc.org/\">LOINC</a>#2345-7)</span></p><p><b>subject</b>: <a href=\"http://www.hl7.org/fhir/us/core/Patient/example\">http://www.hl7.org/fhir/us/core/Patient/example: Amy Shaw</a></p><p><b>effective</b>: 2023-08-04</p><p><b>value</b>: 76.0 mg/dL<span style=\"background: LightGoldenRodYellow\"> (Details: UCUM code mg/dL = 'mg/dL')</span></p><p><b>interpretation</b>: Normal <span style=\"background: LightGoldenRodYellow; margin: 4px; border: 1px solid khaki\"> (<a href=\"http://terminology.hl7.org/5.0.0/CodeSystem-v3-ObservationInterpretation.html\">ObservationInterpretation</a>#N)</span></p><p><b>specimen</b>: <a href=\"Specimen-example-serum-hemolyzed.html\">Specimen/example-serum-hemolyzed: Serum specimen</a></p><h3>ReferenceRanges</h3><table class=\"grid\"><tr><td style=\"display: none\">-</td><td><b>Low</b></td><td><b>High</b></td><td><b>Type</b></td></tr><tr><td style=\"display: none\">*</td><td>40.0 mg/dL<span style=\"background: LightGoldenRodYellow\"> (Details: UCUM code mg/dL = 'mg/dL')</span></td><td>109.0 mg/dL<span style=\"background: LightGoldenRodYellow\"> (Details: UCUM code mg/dL = 'mg/dL')</span></td><td>Normal Range <span style=\"background: LightGoldenRodYellow; margin: 4px; border: 1px solid khaki\"> (<a href=\"http://terminology.hl7.org/5.0.0/CodeSystem-referencerange-meaning.html\">Observation Reference Range Meaning Codes</a>#normal)</span></td></tr></table></div>"
  },
  "status" : "final",
  "category" : [{
    "coding" : [{
      "system" : "http://terminology.hl7.org/CodeSystem/observation-category",
      "code" : "laboratory",
      "display" : "Laboratory"
    }],
    "text" : "Laboratory"
  }],
  "code" : {
    "coding" : [{
      "system" : "http://loinc.org",
      "code" : "2345-7",
      "display" : "Glucose SerPl-mCnc"
    }],
    "text" : "Glucose SerPl-mCnc"
  },
  "subject" : {
    "reference" : "http://www.hl7.org/fhir/us/core/Patient/example",
    "display" : "Amy Shaw"
  },
  "effectiveDateTime" : "2023-08-04",
  "valueQuantity" : {
    "value" : 76.0,
    "unit" : "mg/dL",
    "system" : "http://unitsofmeasure.org",
    "code" : "mg/dL"
  },
  "interpretation" : [{
    "coding" : [{
      "system" : "http://terminology.hl7.org/CodeSystem/v3-ObservationInterpretation",
      "code" : "N",
      "display" : "Normal"
    }],
    "text" : "Normal"
  }],
  "specimen" : {
    "reference" : "Specimen/example-serum-hemolyzed",
    "display" : "Serum specimen"
  },
  "referenceRange" : [{
    "low" : {
      "value" : 40.0,
      "unit" : "mg/dL",
      "system" : "http://unitsofmeasure.org",
      "code" : "mg/dL"
    },
    "high" : {
      "value" : 109.0,
      "unit" : "mg/dL",
      "system" : "http://unitsofmeasure.org",
      "code" : "mg/dL"
    },
    "type" : {
      "coding" : [{
        "system" : "http://terminology.hl7.org/CodeSystem/referencerange-meaning",
        "code" : "normal",
        "display" : "Normal Range"
      }],
      "text" : "Normal Range"
    }
  }]
}