<?xml version="1.0" encoding="UTF-8"?>

<Observation xmlns="http://hl7.org/fhir">
  <id value="intervention-preference"/>
  <meta>
    <extension url="http://hl7.org/fhir/StructureDefinition/instance-name">
      <valueString value="Treatment Intervention Preference Example"/>
    </extension>
    <extension url="http://hl7.org/fhir/StructureDefinition/instance-description">
      <valueMarkdown value="This is an intervention preference example for the *Treatment Intervention Profile*.  It is based on the *US Core Simple Observation Profile*."/>
    </extension>
    <profile value="http://www.fhir.org/guides/uscdi4-sandbox/StructureDefinition/us-core-treatment-intervention-preference"/>
  </meta>
  <text>
    <status value="generated"/><div xmlns="http://www.w3.org/1999/xhtml"><p><b>Generated Narrative: Observation</b><a name="intervention-preference"> </a></p><div style="display: inline-block; background-color: #d9e0e7; padding: 6px; margin: 4px; border: 1px solid #8da1b4; border-radius: 5px; line-height: 60%"><p style="margin-bottom: 0px">Resource Observation &quot;intervention-preference&quot; </p><p style="margin-bottom: 0px">Profile: <a href="StructureDefinition-us-core-treatment-intervention-preference.html">US Core Treatment Intervention Preference Profile</a></p></div><p><b>status</b>: final</p><p><b>category</b>: Treatment Intervention Preference <span style="background: LightGoldenRodYellow; margin: 4px; border: 1px solid khaki"> (<a href="http://hl7.org/fhir/us/core/STU6.1/CodeSystem-us-core-category.html">US Core Category</a>#treatment-intervention-preference &quot;Treatment Intervention preference&quot;)</span></p><p><b>code</b>: Treatment Intervention Preference <span style="background: LightGoldenRodYellow; margin: 4px; border: 1px solid khaki"> (<a href="CodeSystem-uscore-treatment-intervention-preference.html">US Core Treatment Intervention Preference CodeSystem</a>#intervention-preference &quot;Intervention Preference&quot;)</span></p><p><b>subject</b>: <a href="http://www.hl7.org/fhir/us/core/Patient/example">http://www.hl7.org/fhir/us/core/Patient/example: Amy Shaw</a></p><p><b>effective</b>: 2023-08-30</p><p><b>value</b>: If I am having significant pain or suffering, I would like my doctors to consult a Supportive and Palliative Care Team to help treat my physical, emotional and spiritual discomfort, and to support my family.</p><p><b>derivedFrom</b>: <a href="http://example.org/fhir/DocumentReference/source_document">http://example.org/fhir/DocumentReference/source_document: Patient's hand written document (e.g., letter, note) or form - technically a DocumentReference of an image of the document</a></p></div>
  </text>
  <status value="final"/>
  <category>
    <coding>
      <system value="http://hl7.org/fhir/us/core/CodeSystem/us-core-category"/>
      <code value="treatment-intervention-preference"/>
      <display value="Treatment Intervention preference"/>
    </coding>
    <text value="Treatment Intervention Preference"/>
  </category>
  <code>
    <coding>
      <system value="http://www.fhir.org/guides/uscdi4-sandbox/CodeSystem/uscore-treatment-intervention-preference"/>
      <code value="intervention-preference"/>
      <display value="Intervention Preference"/>
    </coding>
    <text value="Treatment Intervention Preference"/>
  </code>
  <subject>
    <reference value="http://www.hl7.org/fhir/us/core/Patient/example"/>
    <display value="Amy Shaw"/>
  </subject>
  <effectiveDateTime value="2023-08-30"/>
  <valueString value="If I am having significant pain or suffering, I would like my doctors to consult a Supportive and Palliative Care Team to help treat my physical, emotional and spiritual discomfort, and to support my family."/>
  <derivedFrom>
    <reference value="http://example.org/fhir/DocumentReference/source_document"/>
    <display value="Patient's hand written document (e.g., letter, note) or form - technically a DocumentReference of an image of the document"/>
  </derivedFrom>
</Observation>