{
  "resourceType" : "Observation",
  "id" : "EVS-item-example-89555-7",
  "meta" : {
    "extension" : [{
      "url" : "http://hl7.org/fhir/StructureDefinition/instance-name",
      "valueString" : "Evs Item Example 89555-7"
    },
    {
      "url" : "http://hl7.org/fhir/StructureDefinition/instance-description",
      "valueMarkdown" : "This is a Evs Item Example 89555-7 (How many D per W did you engage in moderate to strenuous physical activity in the last 30D) for the *US Core Observation Screening Assessment Profile*"
    }],
    "profile" : ["http://hl7.org/fhir/us/core/StructureDefinition/us-core-observation-screening-assessment"]
  },
  "text" : {
    "status" : "generated",
    "div" : "<div xmlns=\"http://www.w3.org/1999/xhtml\"><p><b>Generated Narrative: Observation</b><a name=\"EVS-item-example-89555-7\"> </a></p><div style=\"display: inline-block; background-color: #d9e0e7; padding: 6px; margin: 4px; border: 1px solid #8da1b4; border-radius: 5px; line-height: 60%\"><p style=\"margin-bottom: 0px\">Resource Observation &quot;EVS-item-example-89555-7&quot; </p><p style=\"margin-bottom: 0px\">Profile: <a href=\"http://hl7.org/fhir/us/core/STU6.1/StructureDefinition-us-core-observation-screening-assessment.html\">US Core Observation Screening Assessment Profile</a></p></div><p><b>status</b>: final</p><p><b>category</b>: Survey <span style=\"background: LightGoldenRodYellow; margin: 4px; border: 1px solid khaki\"> (<a href=\"http://terminology.hl7.org/5.0.0/CodeSystem-observation-category.html\">Observation Category Codes</a>#survey)</span></p><p><b>code</b>: How many days per week did you engage in moderate to strenuous physical activity in the last 30 days <span style=\"background: LightGoldenRodYellow; margin: 4px; border: 1px solid khaki\"> (<a href=\"https://loinc.org/\">LOINC</a>#89555-7)</span></p><p><b>subject</b>: <a href=\"http://www.hl7.org/fhir/us/core/Patient/example\">http://www.hl7.org/fhir/us/core/Patient/example</a></p><p><b>effective</b>: 2023-08-04 03:52:52+0000</p><p><b>performer</b>: <a href=\"https://www.hl7.org/fhir/us/core/Practitioner/practitioner-1\">https://www.hl7.org/fhir/us/core/Practitioner/practitioner-1</a></p><p><b>value</b>: 3</p><p><b>derivedFrom</b>: <a href=\"QuestionnaireResponse-exercise-vital-sign.html\">QuestionnaireResponse/exercise-vital-sign: Exercise Vital Sign QuestionnaireResponse Example</a></p></div>"
  },
  "status" : "final",
  "category" : [{
    "coding" : [{
      "system" : "http://terminology.hl7.org/CodeSystem/observation-category",
      "code" : "survey",
      "display" : "Survey"
    }]
  }],
  "code" : {
    "coding" : [{
      "system" : "http://loinc.org",
      "code" : "89555-7",
      "display" : "How many days per week did you engage in moderate to strenuous physical activity in the last 30 days"
    }],
    "text" : "How many days per week did you engage in moderate to strenuous physical activity in the last 30 days"
  },
  "subject" : {
    "reference" : "http://www.hl7.org/fhir/us/core/Patient/example"
  },
  "effectiveDateTime" : "2023-08-04T03:52:52.685000+00:00",
  "performer" : [{
    "reference" : "https://www.hl7.org/fhir/us/core/Practitioner/practitioner-1"
  }],
  "valueString" : "3",
  "derivedFrom" : [{
    "reference" : "QuestionnaireResponse/exercise-vital-sign",
    "display" : "Exercise Vital Sign QuestionnaireResponse Example"
  }]
}