{
  "resourceType" : "Observation",
  "id" : "TAPS-panel-example-96841-2",
  "meta" : {
    "extension" : [{
      "url" : "http://hl7.org/fhir/StructureDefinition/instance-name",
      "valueString" : "Taps Panel Example 96841-2"
    },
    {
      "url" : "http://hl7.org/fhir/StructureDefinition/instance-description",
      "valueMarkdown" : "This is a Taps Panel Example 96841-2 (Tobacco, Alcohol, Prescription medications, and other Substance use screen [TAPS]) for the *US Core Observation Screening Assessment Profile*"
    }],
    "profile" : ["http://hl7.org/fhir/us/core/StructureDefinition/us-core-observation-screening-assessment"]
  },
  "text" : {
    "status" : "generated",
    "div" : "<div xmlns=\"http://www.w3.org/1999/xhtml\"><p><b>Generated Narrative: Observation</b><a name=\"TAPS-panel-example-96841-2\"> </a></p><div style=\"display: inline-block; background-color: #d9e0e7; padding: 6px; margin: 4px; border: 1px solid #8da1b4; border-radius: 5px; line-height: 60%\"><p style=\"margin-bottom: 0px\">Resource Observation &quot;TAPS-panel-example-96841-2&quot; </p><p style=\"margin-bottom: 0px\">Profile: <a href=\"http://hl7.org/fhir/us/core/STU6.1/StructureDefinition-us-core-observation-screening-assessment.html\">US Core Observation Screening Assessment Profile</a></p></div><p><b>status</b>: final</p><p><b>category</b>: Survey <span style=\"background: LightGoldenRodYellow; margin: 4px; border: 1px solid khaki\"> (<a href=\"http://terminology.hl7.org/5.0.0/CodeSystem-observation-category.html\">Observation Category Codes</a>#survey)</span></p><p><b>code</b>: Tobacco, Alcohol, Prescription medications, and other Substance use screen [TAPS] <span style=\"background: LightGoldenRodYellow; margin: 4px; border: 1px solid khaki\"> (<a href=\"https://loinc.org/\">LOINC</a>#96841-2)</span></p><p><b>subject</b>: <a href=\"http://www.hl7.org/fhir/us/core/Patient/example\">http://www.hl7.org/fhir/us/core/Patient/example</a></p><p><b>effective</b>: 2023-08-14 20:40:49+0000</p><p><b>performer</b>: <a href=\"https://www.hl7.org/fhir/us/core/Practitioner/practitioner-1\">https://www.hl7.org/fhir/us/core/Practitioner/practitioner-1</a></p><p><b>hasMember</b>: </p><ul><li><a href=\"Observation-TAPS-item-example-96842-0.html\">Observation/TAPS-item-example-96842-0</a></li><li><a href=\"Observation-TAPS-item-example-88037-7.html\">Observation/TAPS-item-example-88037-7</a></li><li><a href=\"Observation-TAPS-item-example-75889-6.html\">Observation/TAPS-item-example-75889-6</a></li><li><a href=\"Observation-TAPS-item-example-96843-8.html\">Observation/TAPS-item-example-96843-8</a></li><li><a href=\"Observation-TAPS-item-example-96844-6.html\">Observation/TAPS-item-example-96844-6</a></li></ul><p><b>derivedFrom</b>: <a href=\"QuestionnaireResponse-TAPS.html\">QuestionnaireResponse/TAPS: Tobacco, Alcohol, Prescription medications, and other Substance use screen [TAPS] QuestionnaireResponse Example</a></p></div>"
  },
  "status" : "final",
  "category" : [{
    "coding" : [{
      "system" : "http://terminology.hl7.org/CodeSystem/observation-category",
      "code" : "survey",
      "display" : "Survey"
    }]
  }],
  "code" : {
    "coding" : [{
      "system" : "http://loinc.org",
      "code" : "96841-2",
      "display" : "Tobacco, Alcohol, Prescription medications, and other Substance use screen [TAPS]"
    }],
    "text" : "Tobacco, Alcohol, Prescription medications, and other Substance use screen [TAPS]"
  },
  "subject" : {
    "reference" : "http://www.hl7.org/fhir/us/core/Patient/example"
  },
  "effectiveDateTime" : "2023-08-14T20:40:49.675000+00:00",
  "performer" : [{
    "reference" : "https://www.hl7.org/fhir/us/core/Practitioner/practitioner-1"
  }],
  "hasMember" : [{
    "reference" : "Observation/TAPS-item-example-96842-0"
  },
  {
    "reference" : "Observation/TAPS-item-example-88037-7"
  },
  {
    "reference" : "Observation/TAPS-item-example-75889-6"
  },
  {
    "reference" : "Observation/TAPS-item-example-96843-8"
  },
  {
    "reference" : "Observation/TAPS-item-example-96844-6"
  }],
  "derivedFrom" : [{
    "reference" : "QuestionnaireResponse/TAPS",
    "display" : "Tobacco, Alcohol, Prescription medications, and other Substance use screen [TAPS] QuestionnaireResponse Example"
  }]
}