<?xml version="1.0" encoding="UTF-8"?>

<Observation xmlns="http://hl7.org/fhir">
  <id value="exercise-per-week"/>
  <meta>
    <extension url="http://hl7.org/fhir/StructureDefinition/instance-name">
      <valueString value="Exercise Per Week Example"/>
    </extension>
    <extension url="http://hl7.org/fhir/StructureDefinition/instance-description">
      <valueMarkdown value="This is a days exercise per week example for the *Simple Observation Profile*.  It is based on the on US Core [Screening and Assessments](http://hl7.org/fhir/us/core/screening-and-assessments.html) guidance using Simple Observations."/>
    </extension>
    <profile value="http://hl7.org/fhir/us/core/StructureDefinition/us-core-simple-observation"/>
  </meta>
  <text>
    <status value="generated"/><div xmlns="http://www.w3.org/1999/xhtml"><p><b>Generated Narrative: Observation</b><a name="exercise-per-week"> </a></p><div style="display: inline-block; background-color: #d9e0e7; padding: 6px; margin: 4px; border: 1px solid #8da1b4; border-radius: 5px; line-height: 60%"><p style="margin-bottom: 0px">Resource Observation &quot;exercise-per-week&quot; </p><p style="margin-bottom: 0px">Profile: <a href="http://hl7.org/fhir/us/core/STU6.1/StructureDefinition-us-core-simple-observation.html">US Core Simple Observation Profile</a></p></div><p><b>status</b>: final</p><p><b>category</b>: Social History <span style="background: LightGoldenRodYellow; margin: 4px; border: 1px solid khaki"> (<a href="http://terminology.hl7.org/5.0.0/CodeSystem-observation-category.html">Observation Category Codes</a>#social-history)</span>, Physical Activity <span style="background: LightGoldenRodYellow; margin: 4px; border: 1px solid khaki"> (<a href="http://terminology.hl7.org/5.0.0/CodeSystem-observation-category.html">Observation Category Codes</a>#activity &quot;Activity&quot;)</span></p><p><b>code</b>: Exercise Days Per Week <span style="background: LightGoldenRodYellow; margin: 4px; border: 1px solid khaki"> (<a href="https://loinc.org/">LOINC</a>#89555-7 &quot;How many days per week did you engage in moderate to strenuous physical activity in the last 30 days&quot;)</span></p><p><b>subject</b>: <a href="http://www.hl7.org/fhir/us/core/Patient/example">http://www.hl7.org/fhir/us/core/Patient/example: Amy Shaw</a></p><p><b>effective</b>: 2023-08-03</p><p><b>performer</b>: <a href="http://www.hl7.org/fhir/us/core/Patient/example">http://www.hl7.org/fhir/us/core/Patient/example: Amy Shaw</a></p><p><b>value</b>: 3 days per week<span style="background: LightGoldenRodYellow"> (Details: UCUM code d/wk = 'd/wk')</span></p></div>
  </text>
  <status value="final"/>
  <category>
    <coding>
      <system value="http://terminology.hl7.org/CodeSystem/observation-category"/>
      <code value="social-history"/>
      <display value="Social History"/>
    </coding>
    <text value="Social History"/>
  </category>
  <category>
    <coding>
      <system value="http://terminology.hl7.org/CodeSystem/observation-category"/>
      <code value="activity"/>
      <display value="Activity"/>
    </coding>
    <text value="Physical Activity"/>
  </category>
  <code>
    <coding>
      <system value="http://loinc.org"/>
      <code value="89555-7"/>
      <display value="How many days per week did you engage in moderate to strenuous physical activity in the last 30 days"/>
    </coding>
    <text value="Exercise Days Per Week"/>
  </code>
  <subject>
    <reference value="http://www.hl7.org/fhir/us/core/Patient/example"/>
    <display value="Amy Shaw"/>
  </subject>
  <effectiveDateTime value="2023-08-03"/>
  <performer>
    <reference value="http://www.hl7.org/fhir/us/core/Patient/example"/>
    <display value="Amy Shaw"/>
  </performer>
  <valueQuantity>
    <value value="3"/>
    <unit value="days per week"/>
    <system value="http://unitsofmeasure.org"/>
    <code value="d/wk"/>
  </valueQuantity>
</Observation>