{
  "resourceType" : "Observation",
  "id" : "AUDIT-C-panel-example-72109-2",
  "meta" : {
    "extension" : [{
      "url" : "http://hl7.org/fhir/StructureDefinition/instance-name",
      "valueString" : "Audit-C Panel Example 72109-2"
    },
    {
      "url" : "http://hl7.org/fhir/StructureDefinition/instance-description",
      "valueMarkdown" : "This is a Audit-C Panel Example 72109-2 (Alcohol Use Disorder Identification Test - Consumption [AUDIT-C]) for the *US Core Observation Screening Assessment Profile*"
    }],
    "profile" : ["http://hl7.org/fhir/us/core/StructureDefinition/us-core-observation-screening-assessment"]
  },
  "text" : {
    "status" : "generated",
    "div" : "<div xmlns=\"http://www.w3.org/1999/xhtml\"><p><b>Generated Narrative: Observation</b><a name=\"AUDIT-C-panel-example-72109-2\"> </a></p><div style=\"display: inline-block; background-color: #d9e0e7; padding: 6px; margin: 4px; border: 1px solid #8da1b4; border-radius: 5px; line-height: 60%\"><p style=\"margin-bottom: 0px\">Resource Observation &quot;AUDIT-C-panel-example-72109-2&quot; </p><p style=\"margin-bottom: 0px\">Profile: <a href=\"http://hl7.org/fhir/us/core/STU6.1/StructureDefinition-us-core-observation-screening-assessment.html\">US Core Observation Screening Assessment Profile</a></p></div><p><b>status</b>: final</p><p><b>category</b>: Survey <span style=\"background: LightGoldenRodYellow; margin: 4px; border: 1px solid khaki\"> (<a href=\"http://terminology.hl7.org/5.0.0/CodeSystem-observation-category.html\">Observation Category Codes</a>#survey)</span></p><p><b>code</b>: Alcohol Use Disorder Identification Test - Consumption [AUDIT-C] <span style=\"background: LightGoldenRodYellow; margin: 4px; border: 1px solid khaki\"> (<a href=\"https://loinc.org/\">LOINC</a>#72109-2)</span></p><p><b>subject</b>: <a href=\"http://www.hl7.org/fhir/us/core/Patient/example\">http://www.hl7.org/fhir/us/core/Patient/example</a></p><p><b>effective</b>: 2023-08-14 20:40:49+0000</p><p><b>performer</b>: <a href=\"https://www.hl7.org/fhir/us/core/Practitioner/practitioner-1\">https://www.hl7.org/fhir/us/core/Practitioner/practitioner-1</a></p><p><b>hasMember</b>: </p><ul><li><a href=\"Observation-AUDIT-C-item-example-68517-2.html\">Observation/AUDIT-C-item-example-68517-2</a></li><li><a href=\"Observation-AUDIT-C-item-example-68519-8.html\">Observation/AUDIT-C-item-example-68519-8</a></li><li><a href=\"Observation-AUDIT-C-item-example-68520-6.html\">Observation/AUDIT-C-item-example-68520-6</a></li><li><a href=\"Observation-AUDIT-C-item-example-75626-2.html\">Observation/AUDIT-C-item-example-75626-2</a></li></ul><p><b>derivedFrom</b>: <a href=\"QuestionnaireResponse-AUDIT-C.html\">QuestionnaireResponse/AUDIT-C: Alcohol Use Disorder Identification Test - Consumption [AUDIT-C] QuestionnaireResponse Example</a></p></div>"
  },
  "status" : "final",
  "category" : [{
    "coding" : [{
      "system" : "http://terminology.hl7.org/CodeSystem/observation-category",
      "code" : "survey",
      "display" : "Survey"
    }]
  }],
  "code" : {
    "coding" : [{
      "system" : "http://loinc.org",
      "code" : "72109-2",
      "display" : "Alcohol Use Disorder Identification Test - Consumption [AUDIT-C]"
    }],
    "text" : "Alcohol Use Disorder Identification Test - Consumption [AUDIT-C]"
  },
  "subject" : {
    "reference" : "http://www.hl7.org/fhir/us/core/Patient/example"
  },
  "effectiveDateTime" : "2023-08-14T20:40:49.675000+00:00",
  "performer" : [{
    "reference" : "https://www.hl7.org/fhir/us/core/Practitioner/practitioner-1"
  }],
  "hasMember" : [{
    "reference" : "Observation/AUDIT-C-item-example-68517-2"
  },
  {
    "reference" : "Observation/AUDIT-C-item-example-68519-8"
  },
  {
    "reference" : "Observation/AUDIT-C-item-example-68520-6"
  },
  {
    "reference" : "Observation/AUDIT-C-item-example-75626-2"
  }],
  "derivedFrom" : [{
    "reference" : "QuestionnaireResponse/AUDIT-C",
    "display" : "Alcohol Use Disorder Identification Test - Consumption [AUDIT-C] QuestionnaireResponse Example"
  }]
}