{
  "resourceType" : "Observation",
  "id" : "medication-adherence-self-tylenol",
  "meta" : {
    "extension" : [{
      "url" : "http://hl7.org/fhir/StructureDefinition/instance-name",
      "valueString" : "Medication Adherence Self Tylenol (OTC) Example"
    },
    {
      "url" : "http://hl7.org/fhir/StructureDefinition/instance-description",
      "valueMarkdown" : "This is a medication adherance for a self-prescribed OTC medication example using Observation.  Both the code and value use SNOMED CT and the MedicationRequest is reference using the basedOn element."
    }],
    "profile" : ["http://hl7.org/fhir/us/core/StructureDefinition/us-core-simple-observation"]
  },
  "text" : {
    "status" : "generated",
    "div" : "<div xmlns=\"http://www.w3.org/1999/xhtml\"><p><b>Generated Narrative: Observation</b><a name=\"medication-adherence-self-tylenol\"> </a></p><div style=\"display: inline-block; background-color: #d9e0e7; padding: 6px; margin: 4px; border: 1px solid #8da1b4; border-radius: 5px; line-height: 60%\"><p style=\"margin-bottom: 0px\">Resource Observation &quot;medication-adherence-self-tylenol&quot; </p><p style=\"margin-bottom: 0px\">Profile: <a href=\"http://hl7.org/fhir/us/core/STU6.1/StructureDefinition-us-core-simple-observation.html\">US Core Simple Observation Profile</a></p></div><p><b>basedOn</b>: <a href=\"http://www.hl7.org/fhir/us/core/MedicationRequest/self-tylenol\">http://www.hl7.org/fhir/us/core/MedicationRequest/self-tylenol: Self Prescribed Tylenol</a></p><p><b>status</b>: final</p><p><b>category</b>: Survey <span style=\"background: LightGoldenRodYellow; margin: 4px; border: 1px solid khaki\"> (<a href=\"http://terminology.hl7.org/5.0.0/CodeSystem-observation-category.html\">Observation Category Codes</a>#survey)</span></p><p><b>code</b>: Medication adherence <span style=\"background: LightGoldenRodYellow; margin: 4px; border: 1px solid khaki\"> (<a href=\"https://browser.ihtsdotools.org/\">SNOMED CT[US]</a>#418633004)</span></p><p><b>subject</b>: <a href=\"http://www.hl7.org/fhir/us/core/Patient/example\">http://www.hl7.org/fhir/us/core/Patient/example: Amy Shaw</a></p><p><b>effective</b>: 2023-08-11 06:14:22+0000</p><p><b>performer</b>: <a href=\"https://www.hl7.org/fhir/us/core/Practitioner/practitioner-1\">https://www.hl7.org/fhir/us/core/Practitioner/practitioner-1</a></p><p><b>value</b>: Drugs not taken/completed <span style=\"background: LightGoldenRodYellow; margin: 4px; border: 1px solid khaki\"> (<a href=\"https://browser.ihtsdotools.org/\">SNOMED CT[US]</a>#266710000)</span></p></div>"
  },
  "basedOn" : [{
    "reference" : "http://www.hl7.org/fhir/us/core/MedicationRequest/self-tylenol",
    "display" : "Self Prescribed Tylenol"
  }],
  "status" : "final",
  "category" : [{
    "coding" : [{
      "system" : "http://terminology.hl7.org/CodeSystem/observation-category",
      "code" : "survey",
      "display" : "Survey"
    }]
  }],
  "code" : {
    "coding" : [{
      "system" : "http://snomed.info/sct",
      "version" : "http://snomed.info/sct/731000124108",
      "code" : "418633004",
      "display" : "Medication adherence"
    }]
  },
  "subject" : {
    "reference" : "http://www.hl7.org/fhir/us/core/Patient/example",
    "display" : "Amy Shaw"
  },
  "effectiveDateTime" : "2023-08-11T06:14:22.931Z",
  "performer" : [{
    "reference" : "https://www.hl7.org/fhir/us/core/Practitioner/practitioner-1"
  }],
  "valueCodeableConcept" : {
    "coding" : [{
      "system" : "http://snomed.info/sct",
      "version" : "http://snomed.info/sct/731000124108",
      "code" : "266710000",
      "display" : "Drugs not taken/completed"
    }]
  }
}