{
  "resourceType" : "Questionnaire",
  "id" : "TAPS",
  "meta" : {
    "extension" : [{
      "url" : "http://hl7.org/fhir/StructureDefinition/instance-name",
      "valueString" : "Tobacco, Alcohol, Prescription medications, and other Substance use screen [TAPS] Questionnaire Example"
    },
    {
      "url" : "http://hl7.org/fhir/StructureDefinition/instance-description",
      "valueMarkdown" : "Tobacco, Alcohol, Prescription medications, and other Substance use screen [TAPS] questionnaire example. It is based on the on US Core [Screening and Assessments](http://hl7.org/fhir/us/core/screening-and-assessments.html) guidance using Questionnaire/QuestionnaireResponse resources."
    }],
    "profile" : ["http://hl7.org/fhir/uv/sdc/StructureDefinition/sdc-questionnaire"]
  },
  "text" : {
    "status" : "generated",
    "div" : "<div xmlns=\"http://www.w3.org/1999/xhtml\">Placeholder</div>"
  },
  "url" : "http://hl7.org/fhir/us/core/Questionnaire/TAPS",
  "version" : "0.0.0",
  "name" : "TAPS",
  "title" : "Tobacco, Alcohol, Prescription medications, and other Substance use screen [TAPS]",
  "status" : "active",
  "experimental" : true,
  "subjectType" : ["Patient"],
  "date" : "2023-08-14",
  "publisher" : "Health eData Inc",
  "contact" : [{
    "telecom" : [{
      "system" : "email",
      "value" : "mailto:ehaas@healthedatainc.com"
    }]
  }],
  "jurisdiction" : [{
    "coding" : [{
      "system" : "urn:iso:std:iso:3166",
      "code" : "US"
    }]
  }],
  "code" : [{
    "system" : "http://loinc.org",
    "code" : "96841-2",
    "display" : "Tobacco, Alcohol, Prescription medications, and other Substance use screen [TAPS]"
  }],
  "item" : [{
    "extension" : [{
      "url" : "http://hl7.org/fhir/StructureDefinition/questionnaire-itemControl",
      "valueCodeableConcept" : {
        "coding" : [{
          "system" : "http://hl7.org/fhir/questionnaire-item-control",
          "code" : "drop-down",
          "display" : "Drop down"
        }],
        "text" : "Drop down"
      }
    }],
    "linkId" : "/96842-0",
    "code" : [{
      "system" : "http://loinc.org",
      "code" : "96842-0",
      "display" : "How often have you used any tobacco product in past 12 months"
    }],
    "text" : "How often have you used any tobacco product in past 12 months",
    "type" : "choice",
    "required" : false,
    "answerOption" : [{
      "valueCoding" : {
        "system" : "http://loinc.org",
        "code" : "LA18934-2",
        "display" : "Daily or almost daily"
      }
    },
    {
      "valueCoding" : {
        "system" : "http://loinc.org",
        "code" : "LA18891-4",
        "display" : "Weekly"
      }
    },
    {
      "valueCoding" : {
        "system" : "http://loinc.org",
        "code" : "LA18876-5",
        "display" : "Monthly"
      }
    },
    {
      "valueCoding" : {
        "system" : "http://loinc.org",
        "code" : "LA18933-4",
        "display" : "Less than monthly"
      }
    },
    {
      "valueCoding" : {
        "system" : "http://loinc.org",
        "code" : "LA6270-8",
        "display" : "Never"
      }
    }]
  },
  {
    "extension" : [{
      "url" : "http://hl7.org/fhir/StructureDefinition/questionnaire-itemControl",
      "valueCodeableConcept" : {
        "coding" : [{
          "system" : "http://hl7.org/fhir/questionnaire-item-control",
          "code" : "drop-down",
          "display" : "Drop down"
        }],
        "text" : "Drop down"
      }
    }],
    "linkId" : "/88037-7",
    "code" : [{
      "system" : "http://loinc.org",
      "code" : "88037-7",
      "display" : "How often have you had five or more drinks in one day during the past year [Reported]"
    }],
    "text" : "How often have you had five or more drinks in one day during the past year [Reported]",
    "type" : "choice",
    "required" : false,
    "answerOption" : [{
      "valueCoding" : {
        "system" : "http://loinc.org",
        "code" : "LA18934-2",
        "display" : "Daily or almost daily"
      }
    },
    {
      "valueCoding" : {
        "system" : "http://loinc.org",
        "code" : "LA18891-4",
        "display" : "Weekly"
      }
    },
    {
      "valueCoding" : {
        "system" : "http://loinc.org",
        "code" : "LA18876-5",
        "display" : "Monthly"
      }
    },
    {
      "valueCoding" : {
        "system" : "http://loinc.org",
        "code" : "LA18933-4",
        "display" : "Less than monthly"
      }
    },
    {
      "valueCoding" : {
        "system" : "http://loinc.org",
        "code" : "LA6270-8",
        "display" : "Never"
      }
    }],
    "item" : [{
      "extension" : [{
        "url" : "http://hl7.org/fhir/StructureDefinition/questionnaire-itemControl",
        "valueCodeableConcept" : {
          "coding" : [{
            "system" : "http://hl7.org/fhir/questionnaire-item-control",
            "code" : "help",
            "display" : "Help-Button"
          }],
          "text" : "Help-Button"
        }
      }],
      "linkId" : "/88037-7-help",
      "text" : "Some measures (like electronic Clinical Quality Measure (eCQM) used by CMS) define \"risky drinker\" differently based on gender: 4 or more drinks per day for women and 5 or more drinks per day for men. The LOINC for 4 or more drinks per day is [LOINC: 75889-6].",
      "type" : "display"
    }]
  },
  {
    "extension" : [{
      "url" : "http://hl7.org/fhir/StructureDefinition/questionnaire-itemControl",
      "valueCodeableConcept" : {
        "coding" : [{
          "system" : "http://hl7.org/fhir/questionnaire-item-control",
          "code" : "drop-down",
          "display" : "Drop down"
        }],
        "text" : "Drop down"
      }
    }],
    "linkId" : "/75889-6",
    "code" : [{
      "system" : "http://loinc.org",
      "code" : "75889-6",
      "display" : "How often have you had four or more drinks in one day during the past year [Reported]"
    }],
    "text" : "How often have you had four or more drinks in one day during the past year [Reported]",
    "type" : "choice",
    "required" : false,
    "answerOption" : [{
      "valueCoding" : {
        "system" : "http://loinc.org",
        "code" : "LA18934-2",
        "display" : "Daily or almost daily"
      }
    },
    {
      "valueCoding" : {
        "system" : "http://loinc.org",
        "code" : "LA18891-4",
        "display" : "Weekly"
      }
    },
    {
      "valueCoding" : {
        "system" : "http://loinc.org",
        "code" : "LA18876-5",
        "display" : "Monthly"
      }
    },
    {
      "valueCoding" : {
        "system" : "http://loinc.org",
        "code" : "LA18933-4",
        "display" : "Less than monthly"
      }
    },
    {
      "valueCoding" : {
        "system" : "http://loinc.org",
        "code" : "LA6270-8",
        "display" : "Never"
      }
    }],
    "item" : [{
      "extension" : [{
        "url" : "http://hl7.org/fhir/StructureDefinition/questionnaire-itemControl",
        "valueCodeableConcept" : {
          "coding" : [{
            "system" : "http://hl7.org/fhir/questionnaire-item-control",
            "code" : "help",
            "display" : "Help-Button"
          }],
          "text" : "Help-Button"
        }
      }],
      "linkId" : "/75889-6-help",
      "text" : "A question asked to determine if the patient is considered a 'risky drinker'. This term was created for, but not limited in use to, an electronic Clinical Quality Measure (eCQM) to be used in the CMS EHR Incentive Program for Meaningful Use. The eCQM allows for multiple ways to screen for alcohol misuse, including AUDIT-C [LOINC: 75626-2] or one of two questions that assess whether the patient consumes alcohol [LOINC: 75855-7] and the frequency of heavy drinking days (this LOINC). The LOINC for five (5) or more drinks per day is [LOINC: 88037-7].",
      "type" : "display"
    }]
  },
  {
    "extension" : [{
      "url" : "http://hl7.org/fhir/StructureDefinition/questionnaire-itemControl",
      "valueCodeableConcept" : {
        "coding" : [{
          "system" : "http://hl7.org/fhir/questionnaire-item-control",
          "code" : "drop-down",
          "display" : "Drop down"
        }],
        "text" : "Drop down"
      }
    }],
    "linkId" : "/96843-8",
    "code" : [{
      "system" : "http://loinc.org",
      "code" : "96843-8",
      "display" : "How often have you used illegal or recreational drugs in past 12 months"
    }],
    "text" : "How often have you used illegal or recreational drugs in past 12 months",
    "type" : "choice",
    "required" : false,
    "answerOption" : [{
      "valueCoding" : {
        "system" : "http://loinc.org",
        "code" : "LA18934-2",
        "display" : "Daily or almost daily"
      }
    },
    {
      "valueCoding" : {
        "system" : "http://loinc.org",
        "code" : "LA18891-4",
        "display" : "Weekly"
      }
    },
    {
      "valueCoding" : {
        "system" : "http://loinc.org",
        "code" : "LA18876-5",
        "display" : "Monthly"
      }
    },
    {
      "valueCoding" : {
        "system" : "http://loinc.org",
        "code" : "LA18933-4",
        "display" : "Less than monthly"
      }
    },
    {
      "valueCoding" : {
        "system" : "http://loinc.org",
        "code" : "LA6270-8",
        "display" : "Never"
      }
    }]
  },
  {
    "linkId" : "/96844-6",
    "code" : [{
      "system" : "http://loinc.org",
      "code" : "96844-6",
      "display" : "How often have you used any prescription medications just for the feeling, more than prescribed or that were not prescribed for you in past 12 months [TAPS]"
    }],
    "text" : "How often have you used any prescription medications just for the feeling, more than prescribed or that were not prescribed for you in past 12 months [TAPS]",
    "type" : "string",
    "required" : false
  }]
}