<?xml version="1.0" encoding="UTF-8"?>

<Questionnaire xmlns="http://hl7.org/fhir">
  <id value="TAPS"/>
  <meta>
    <extension url="http://hl7.org/fhir/StructureDefinition/instance-name">
      <valueString value="Tobacco, Alcohol, Prescription medications, and other Substance use screen [TAPS] Questionnaire Example"/>
    </extension>
    <extension url="http://hl7.org/fhir/StructureDefinition/instance-description">
      <valueMarkdown value="Tobacco, Alcohol, Prescription medications, and other Substance use screen [TAPS] questionnaire example. It is based on the on US Core [Screening and Assessments](http://hl7.org/fhir/us/core/screening-and-assessments.html) guidance using Questionnaire/QuestionnaireResponse resources."/>
    </extension>
    <profile value="http://hl7.org/fhir/uv/sdc/StructureDefinition/sdc-questionnaire"/>
  </meta>
  <text>
    <status value="generated"/><div xmlns="http://www.w3.org/1999/xhtml">Placeholder</div>
  </text>
  <url value="http://hl7.org/fhir/us/core/Questionnaire/TAPS"/>
  <version value="0.0.0"/>
  <name value="TAPS"/>
  <title value="Tobacco, Alcohol, Prescription medications, and other Substance use screen [TAPS]"/>
  <status value="active"/>
  <experimental value="true"/>
  <subjectType value="Patient"/>
  <date value="2023-08-14"/>
  <publisher value="Health eData Inc"/>
  <contact>
    <telecom>
      <system value="email"/>
      <value value="mailto:ehaas@healthedatainc.com"/>
    </telecom>
  </contact>
  <jurisdiction>
    <coding>
      <system value="urn:iso:std:iso:3166"/>
      <code value="US"/>
    </coding>
  </jurisdiction>
  <code>
    <system value="http://loinc.org"/>
    <code value="96841-2"/>
    <display value="Tobacco, Alcohol, Prescription medications, and other Substance use screen [TAPS]"/>
  </code>
  <item>
    <extension url="http://hl7.org/fhir/StructureDefinition/questionnaire-itemControl">
      <valueCodeableConcept>
        <coding>
          <system value="http://hl7.org/fhir/questionnaire-item-control"/>
          <code value="drop-down"/>
          <display value="Drop down"/>
        </coding>
        <text value="Drop down"/>
      </valueCodeableConcept>
    </extension>
    <linkId value="/96842-0"/>
    <code>
      <system value="http://loinc.org"/>
      <code value="96842-0"/>
      <display value="How often have you used any tobacco product in past 12 months"/>
    </code>
    <text value="How often have you used any tobacco product in past 12 months"/>
    <type value="choice"/>
    <required value="false"/>
    <answerOption>
      <valueCoding>
        <system value="http://loinc.org"/>
        <code value="LA18934-2"/>
        <display value="Daily or almost daily"/>
      </valueCoding>
    </answerOption>
    <answerOption>
      <valueCoding>
        <system value="http://loinc.org"/>
        <code value="LA18891-4"/>
        <display value="Weekly"/>
      </valueCoding>
    </answerOption>
    <answerOption>
      <valueCoding>
        <system value="http://loinc.org"/>
        <code value="LA18876-5"/>
        <display value="Monthly"/>
      </valueCoding>
    </answerOption>
    <answerOption>
      <valueCoding>
        <system value="http://loinc.org"/>
        <code value="LA18933-4"/>
        <display value="Less than monthly"/>
      </valueCoding>
    </answerOption>
    <answerOption>
      <valueCoding>
        <system value="http://loinc.org"/>
        <code value="LA6270-8"/>
        <display value="Never"/>
      </valueCoding>
    </answerOption>
  </item>
  <item>
    <extension url="http://hl7.org/fhir/StructureDefinition/questionnaire-itemControl">
      <valueCodeableConcept>
        <coding>
          <system value="http://hl7.org/fhir/questionnaire-item-control"/>
          <code value="drop-down"/>
          <display value="Drop down"/>
        </coding>
        <text value="Drop down"/>
      </valueCodeableConcept>
    </extension>
    <linkId value="/88037-7"/>
    <code>
      <system value="http://loinc.org"/>
      <code value="88037-7"/>
      <display value="How often have you had five or more drinks in one day during the past year [Reported]"/>
    </code>
    <text value="How often have you had five or more drinks in one day during the past year [Reported]"/>
    <type value="choice"/>
    <required value="false"/>
    <answerOption>
      <valueCoding>
        <system value="http://loinc.org"/>
        <code value="LA18934-2"/>
        <display value="Daily or almost daily"/>
      </valueCoding>
    </answerOption>
    <answerOption>
      <valueCoding>
        <system value="http://loinc.org"/>
        <code value="LA18891-4"/>
        <display value="Weekly"/>
      </valueCoding>
    </answerOption>
    <answerOption>
      <valueCoding>
        <system value="http://loinc.org"/>
        <code value="LA18876-5"/>
        <display value="Monthly"/>
      </valueCoding>
    </answerOption>
    <answerOption>
      <valueCoding>
        <system value="http://loinc.org"/>
        <code value="LA18933-4"/>
        <display value="Less than monthly"/>
      </valueCoding>
    </answerOption>
    <answerOption>
      <valueCoding>
        <system value="http://loinc.org"/>
        <code value="LA6270-8"/>
        <display value="Never"/>
      </valueCoding>
    </answerOption>
    <item>
      <extension url="http://hl7.org/fhir/StructureDefinition/questionnaire-itemControl">
        <valueCodeableConcept>
          <coding>
            <system value="http://hl7.org/fhir/questionnaire-item-control"/>
            <code value="help"/>
            <display value="Help-Button"/>
          </coding>
          <text value="Help-Button"/>
        </valueCodeableConcept>
      </extension>
      <linkId value="/88037-7-help"/>
      <text value="Some measures (like electronic Clinical Quality Measure (eCQM) used by CMS) define &quot;risky drinker&quot; differently based on gender: 4 or more drinks per day for women and 5 or more drinks per day for men. The LOINC for 4 or more drinks per day is [LOINC: 75889-6]."/>
      <type value="display"/>
    </item>
  </item>
  <item>
    <extension url="http://hl7.org/fhir/StructureDefinition/questionnaire-itemControl">
      <valueCodeableConcept>
        <coding>
          <system value="http://hl7.org/fhir/questionnaire-item-control"/>
          <code value="drop-down"/>
          <display value="Drop down"/>
        </coding>
        <text value="Drop down"/>
      </valueCodeableConcept>
    </extension>
    <linkId value="/75889-6"/>
    <code>
      <system value="http://loinc.org"/>
      <code value="75889-6"/>
      <display value="How often have you had four or more drinks in one day during the past year [Reported]"/>
    </code>
    <text value="How often have you had four or more drinks in one day during the past year [Reported]"/>
    <type value="choice"/>
    <required value="false"/>
    <answerOption>
      <valueCoding>
        <system value="http://loinc.org"/>
        <code value="LA18934-2"/>
        <display value="Daily or almost daily"/>
      </valueCoding>
    </answerOption>
    <answerOption>
      <valueCoding>
        <system value="http://loinc.org"/>
        <code value="LA18891-4"/>
        <display value="Weekly"/>
      </valueCoding>
    </answerOption>
    <answerOption>
      <valueCoding>
        <system value="http://loinc.org"/>
        <code value="LA18876-5"/>
        <display value="Monthly"/>
      </valueCoding>
    </answerOption>
    <answerOption>
      <valueCoding>
        <system value="http://loinc.org"/>
        <code value="LA18933-4"/>
        <display value="Less than monthly"/>
      </valueCoding>
    </answerOption>
    <answerOption>
      <valueCoding>
        <system value="http://loinc.org"/>
        <code value="LA6270-8"/>
        <display value="Never"/>
      </valueCoding>
    </answerOption>
    <item>
      <extension url="http://hl7.org/fhir/StructureDefinition/questionnaire-itemControl">
        <valueCodeableConcept>
          <coding>
            <system value="http://hl7.org/fhir/questionnaire-item-control"/>
            <code value="help"/>
            <display value="Help-Button"/>
          </coding>
          <text value="Help-Button"/>
        </valueCodeableConcept>
      </extension>
      <linkId value="/75889-6-help"/>
      <text value="A question asked to determine if the patient is considered a 'risky drinker'. This term was created for, but not limited in use to, an electronic Clinical Quality Measure (eCQM) to be used in the CMS EHR Incentive Program for Meaningful Use. The eCQM allows for multiple ways to screen for alcohol misuse, including AUDIT-C [LOINC: 75626-2] or one of two questions that assess whether the patient consumes alcohol [LOINC: 75855-7] and the frequency of heavy drinking days (this LOINC). The LOINC for five (5) or more drinks per day is [LOINC: 88037-7]."/>
      <type value="display"/>
    </item>
  </item>
  <item>
    <extension url="http://hl7.org/fhir/StructureDefinition/questionnaire-itemControl">
      <valueCodeableConcept>
        <coding>
          <system value="http://hl7.org/fhir/questionnaire-item-control"/>
          <code value="drop-down"/>
          <display value="Drop down"/>
        </coding>
        <text value="Drop down"/>
      </valueCodeableConcept>
    </extension>
    <linkId value="/96843-8"/>
    <code>
      <system value="http://loinc.org"/>
      <code value="96843-8"/>
      <display value="How often have you used illegal or recreational drugs in past 12 months"/>
    </code>
    <text value="How often have you used illegal or recreational drugs in past 12 months"/>
    <type value="choice"/>
    <required value="false"/>
    <answerOption>
      <valueCoding>
        <system value="http://loinc.org"/>
        <code value="LA18934-2"/>
        <display value="Daily or almost daily"/>
      </valueCoding>
    </answerOption>
    <answerOption>
      <valueCoding>
        <system value="http://loinc.org"/>
        <code value="LA18891-4"/>
        <display value="Weekly"/>
      </valueCoding>
    </answerOption>
    <answerOption>
      <valueCoding>
        <system value="http://loinc.org"/>
        <code value="LA18876-5"/>
        <display value="Monthly"/>
      </valueCoding>
    </answerOption>
    <answerOption>
      <valueCoding>
        <system value="http://loinc.org"/>
        <code value="LA18933-4"/>
        <display value="Less than monthly"/>
      </valueCoding>
    </answerOption>
    <answerOption>
      <valueCoding>
        <system value="http://loinc.org"/>
        <code value="LA6270-8"/>
        <display value="Never"/>
      </valueCoding>
    </answerOption>
  </item>
  <item>
    <linkId value="/96844-6"/>
    <code>
      <system value="http://loinc.org"/>
      <code value="96844-6"/>
      <display value="How often have you used any prescription medications just for the feeling, more than prescribed or that were not prescribed for you in past 12 months [TAPS]"/>
    </code>
    <text value="How often have you used any prescription medications just for the feeling, more than prescribed or that were not prescribed for you in past 12 months [TAPS]"/>
    <type value="string"/>
    <required value="false"/>
  </item>
</Questionnaire>