<?xml version="1.0" encoding="UTF-8"?>

<Questionnaire xmlns="http://hl7.org/fhir">
  <id value="exercise-vital-sign"/>
  <meta>
    <extension url="http://hl7.org/fhir/StructureDefinition/instance-name">
      <valueString value="Exercise Vital Sign Questionnaire Example"/>
    </extension>
    <extension url="http://hl7.org/fhir/StructureDefinition/instance-description">
      <valueMarkdown value="This is the [LHC Form](https://loinc.org/lhc-forms/) Exercise Vital Sign (EVS) Questionnaire Example. It is based on the on US Core [Screening and Assessments](http://hl7.org/fhir/us/core/screening-and-assessments.html) guidance using Questionnaire/QuestionnaireResponse resources."/>
    </extension>
    <profile value="http://hl7.org/fhir/uv/sdc/StructureDefinition/sdc-questionnaire"/>
  </meta>
  <text>
    <status value="generated"/><div xmlns="http://www.w3.org/1999/xhtml">Placeholder</div>
  </text>
  <url value="http://hl7.org/fhir/us/core/Questionnaire/exercise-vital-sign"/>
  <version value="0.0.0"/>
  <name value="ExerciseVitalSign"/>
  <title value="Exercise Vital Sign (EVS)"/>
  <status value="active"/>
  <experimental value="true"/>
  <subjectType value="Patient"/>
  <date value="2023-08-03"/>
  <publisher value="Health eData Inc"/>
  <contact>
    <telecom>
      <system value="email"/>
      <value value="mailto:ehaas@healthedatainc.com"/>
    </telecom>
  </contact>
  <jurisdiction>
    <coding>
      <system value="urn:iso:std:iso:3166"/>
      <code value="US"/>
    </coding>
  </jurisdiction>
  <code>
    <system value="http://loinc.org"/>
    <code value="89574-8"/>
    <display value="Exercise Vital Sign (EVS)"/>
  </code>
  <item>
    <extension url="http://hl7.org/fhir/StructureDefinition/questionnaire-unit">
      <valueCoding>
        <system value="http://unitsofmeasure.org"/>
        <code value="d/wk"/>
        <display value="d/wk"/>
      </valueCoding>
    </extension>
    <linkId value="/89555-7"/>
    <code>
      <system value="http://loinc.org"/>
      <code value="89555-7"/>
      <display value="How many days per week did you engage in moderate to strenuous physical activity in the last 30 days"/>
    </code>
    <text value="How many D per W did you engage in moderate to strenuous physical activity in the last 30D"/>
    <type value="decimal"/>
    <required value="false"/>
  </item>
  <item>
    <extension url="http://hl7.org/fhir/StructureDefinition/questionnaire-unit">
      <valueCoding>
        <system value="http://unitsofmeasure.org"/>
        <code value="min/d"/>
        <display value="min/d"/>
      </valueCoding>
    </extension>
    <linkId value="/68516-4"/>
    <code>
      <system value="http://loinc.org"/>
      <code value="68516-4"/>
      <display value="On those days that you engage in moderate to strenuous exercise, how many minutes, on average, do you exercise?"/>
    </code>
    <text value="On those days that you engage in moderate to strenuous exercise, how many minutes, on average, do you exercise?"/>
    <type value="decimal"/>
    <required value="false"/>
  </item>
</Questionnaire>