{
  "resourceType" : "Questionnaire",
  "id" : "exercise-vital-sign",
  "meta" : {
    "extension" : [{
      "url" : "http://hl7.org/fhir/StructureDefinition/instance-name",
      "valueString" : "Exercise Vital Sign Questionnaire Example"
    },
    {
      "url" : "http://hl7.org/fhir/StructureDefinition/instance-description",
      "valueMarkdown" : "This is the [LHC Form](https://loinc.org/lhc-forms/) Exercise Vital Sign (EVS) Questionnaire Example. It is based on the on US Core [Screening and Assessments](http://hl7.org/fhir/us/core/screening-and-assessments.html) guidance using Questionnaire/QuestionnaireResponse resources."
    }],
    "profile" : ["http://hl7.org/fhir/uv/sdc/StructureDefinition/sdc-questionnaire"]
  },
  "text" : {
    "status" : "generated",
    "div" : "<div xmlns=\"http://www.w3.org/1999/xhtml\">Placeholder</div>"
  },
  "url" : "http://hl7.org/fhir/us/core/Questionnaire/exercise-vital-sign",
  "version" : "0.0.0",
  "name" : "ExerciseVitalSign",
  "title" : "Exercise Vital Sign (EVS)",
  "status" : "active",
  "experimental" : true,
  "subjectType" : ["Patient"],
  "date" : "2023-08-03",
  "publisher" : "Health eData Inc",
  "contact" : [{
    "telecom" : [{
      "system" : "email",
      "value" : "mailto:ehaas@healthedatainc.com"
    }]
  }],
  "jurisdiction" : [{
    "coding" : [{
      "system" : "urn:iso:std:iso:3166",
      "code" : "US"
    }]
  }],
  "code" : [{
    "system" : "http://loinc.org",
    "code" : "89574-8",
    "display" : "Exercise Vital Sign (EVS)"
  }],
  "item" : [{
    "extension" : [{
      "url" : "http://hl7.org/fhir/StructureDefinition/questionnaire-unit",
      "valueCoding" : {
        "system" : "http://unitsofmeasure.org",
        "code" : "d/wk",
        "display" : "d/wk"
      }
    }],
    "linkId" : "/89555-7",
    "code" : [{
      "system" : "http://loinc.org",
      "code" : "89555-7",
      "display" : "How many days per week did you engage in moderate to strenuous physical activity in the last 30 days"
    }],
    "text" : "How many D per W did you engage in moderate to strenuous physical activity in the last 30D",
    "type" : "decimal",
    "required" : false
  },
  {
    "extension" : [{
      "url" : "http://hl7.org/fhir/StructureDefinition/questionnaire-unit",
      "valueCoding" : {
        "system" : "http://unitsofmeasure.org",
        "code" : "min/d",
        "display" : "min/d"
      }
    }],
    "linkId" : "/68516-4",
    "code" : [{
      "system" : "http://loinc.org",
      "code" : "68516-4",
      "display" : "On those days that you engage in moderate to strenuous exercise, how many minutes, on average, do you exercise?"
    }],
    "text" : "On those days that you engage in moderate to strenuous exercise, how many minutes, on average, do you exercise?",
    "type" : "decimal",
    "required" : false
  }]
}