<?xml version="1.0" encoding="UTF-8"?>

<Questionnaire xmlns="http://hl7.org/fhir">
  <id value="AUDIT-C"/>
  <meta>
    <extension url="http://hl7.org/fhir/StructureDefinition/instance-name">
      <valueString value="Alcohol Use Disorder Identification Test - Consumption [AUDIT-C] Questionnaire Example"/>
    </extension>
    <extension url="http://hl7.org/fhir/StructureDefinition/instance-description">
      <valueMarkdown value="Alcohol Use Disorder Identification Test - Consumption [AUDIT-C] questionnaire example. It is based on the on US Core [Screening and Assessments](http://hl7.org/fhir/us/core/screening-and-assessments.html) guidance using Questionnaire/QuestionnaireResponse resources."/>
    </extension>
    <profile value="http://hl7.org/fhir/uv/sdc/StructureDefinition/sdc-questionnaire"/>
  </meta>
  <text>
    <status value="generated"/><div xmlns="http://www.w3.org/1999/xhtml">Placeholder</div>
  </text>
  <url value="http://hl7.org/fhir/us/core/Questionnaire/AUDIT-C"/>
  <version value="0.0.0"/>
  <name value="AUDIT_C"/>
  <title value="Alcohol Use Disorder Identification Test - Consumption [AUDIT-C]"/>
  <status value="active"/>
  <experimental value="true"/>
  <subjectType value="Patient"/>
  <date value="2023-08-14"/>
  <publisher value="Health eData Inc"/>
  <contact>
    <telecom>
      <system value="email"/>
      <value value="mailto:ehaas@healthedatainc.com"/>
    </telecom>
  </contact>
  <jurisdiction>
    <coding>
      <system value="urn:iso:std:iso:3166"/>
      <code value="US"/>
    </coding>
  </jurisdiction>
  <code>
    <system value="http://loinc.org"/>
    <code value="72109-2"/>
    <display value="Alcohol Use Disorder Identification Test - Consumption [AUDIT-C]"/>
  </code>
  <item>
    <extension url="http://hl7.org/fhir/StructureDefinition/questionnaire-unit">
      <valueCoding>
        <system value="http://unitsofmeasure.org"/>
        <code value="{#}/a"/>
        <display value="{#}/a"/>
      </valueCoding>
    </extension>
    <linkId value="/68517-2"/>
    <code>
      <system value="http://loinc.org"/>
      <code value="68517-2"/>
      <display value="How many times in the past year have you have X or more drinks in a day?"/>
    </code>
    <text value="How many times in the past year have you have X or more drinks in a day?"/>
    <type value="decimal"/>
    <required value="false"/>
    <item>
      <extension url="http://hl7.org/fhir/StructureDefinition/questionnaire-itemControl">
        <valueCodeableConcept>
          <coding>
            <system value="http://hl7.org/fhir/questionnaire-item-control"/>
            <code value="help"/>
            <display value="Help-Button"/>
          </coding>
          <text value="Help-Button"/>
        </valueCodeableConcept>
      </extension>
      <linkId value="/68517-2-help"/>
      <text value="Where X is 5 for men and 4 for women, and a response of  greater than, or equal to, 1 is positive."/>
      <type value="display"/>
    </item>
  </item>
  <item>
    <extension url="http://hl7.org/fhir/StructureDefinition/questionnaire-itemControl">
      <valueCodeableConcept>
        <coding>
          <system value="http://hl7.org/fhir/questionnaire-item-control"/>
          <code value="drop-down"/>
          <display value="Drop down"/>
        </coding>
        <text value="Drop down"/>
      </valueCodeableConcept>
    </extension>
    <linkId value="/68519-8"/>
    <code>
      <system value="http://loinc.org"/>
      <code value="68519-8"/>
      <display value="How many standard drinks containing alcohol do you have on a typical day?"/>
    </code>
    <text value="How many standard drinks containing alcohol do you have on a typical day?"/>
    <type value="choice"/>
    <required value="false"/>
    <answerOption>
      <extension url="http://hl7.org/fhir/StructureDefinition/questionnaire-optionPrefix">
        <valueString value="0"/>
      </extension>
      <extension url="http://hl7.org/fhir/StructureDefinition/ordinalValue">
        <valueDecimal value="0"/>
      </extension>
      <valueCoding>
        <system value="http://loinc.org"/>
        <code value="LA15694-5"/>
        <display value="1 or 2"/>
      </valueCoding>
    </answerOption>
    <answerOption>
      <extension url="http://hl7.org/fhir/StructureDefinition/questionnaire-optionPrefix">
        <valueString value="1"/>
      </extension>
      <extension url="http://hl7.org/fhir/StructureDefinition/ordinalValue">
        <valueDecimal value="1"/>
      </extension>
      <valueCoding>
        <system value="http://loinc.org"/>
        <code value="LA15695-2"/>
        <display value="3 or 4"/>
      </valueCoding>
    </answerOption>
    <answerOption>
      <extension url="http://hl7.org/fhir/StructureDefinition/questionnaire-optionPrefix">
        <valueString value="2"/>
      </extension>
      <extension url="http://hl7.org/fhir/StructureDefinition/ordinalValue">
        <valueDecimal value="2"/>
      </extension>
      <valueCoding>
        <system value="http://loinc.org"/>
        <code value="LA18930-0"/>
        <display value="5 or 6"/>
      </valueCoding>
    </answerOption>
    <answerOption>
      <extension url="http://hl7.org/fhir/StructureDefinition/questionnaire-optionPrefix">
        <valueString value="3"/>
      </extension>
      <extension url="http://hl7.org/fhir/StructureDefinition/ordinalValue">
        <valueDecimal value="3"/>
      </extension>
      <valueCoding>
        <system value="http://loinc.org"/>
        <code value="LA18931-8"/>
        <display value="7 to 9"/>
      </valueCoding>
    </answerOption>
    <answerOption>
      <extension url="http://hl7.org/fhir/StructureDefinition/questionnaire-optionPrefix">
        <valueString value="4"/>
      </extension>
      <extension url="http://hl7.org/fhir/StructureDefinition/ordinalValue">
        <valueDecimal value="4"/>
      </extension>
      <valueCoding>
        <system value="http://loinc.org"/>
        <code value="LA18932-6"/>
        <display value="10 or more"/>
      </valueCoding>
    </answerOption>
  </item>
  <item>
    <extension url="http://hl7.org/fhir/StructureDefinition/questionnaire-itemControl">
      <valueCodeableConcept>
        <coding>
          <system value="http://hl7.org/fhir/questionnaire-item-control"/>
          <code value="drop-down"/>
          <display value="Drop down"/>
        </coding>
        <text value="Drop down"/>
      </valueCodeableConcept>
    </extension>
    <linkId value="/68520-6"/>
    <code>
      <system value="http://loinc.org"/>
      <code value="68520-6"/>
      <display value="How often do you have 6 or more drinks on 1 occasion?"/>
    </code>
    <text value="How often do you have 6 or more drinks on 1 occasion?"/>
    <type value="choice"/>
    <required value="false"/>
    <answerOption>
      <extension url="http://hl7.org/fhir/StructureDefinition/questionnaire-optionPrefix">
        <valueString value="0"/>
      </extension>
      <extension url="http://hl7.org/fhir/StructureDefinition/ordinalValue">
        <valueDecimal value="0"/>
      </extension>
      <valueCoding>
        <system value="http://loinc.org"/>
        <code value="LA6270-8"/>
        <display value="Never"/>
      </valueCoding>
    </answerOption>
    <answerOption>
      <extension url="http://hl7.org/fhir/StructureDefinition/questionnaire-optionPrefix">
        <valueString value="1"/>
      </extension>
      <extension url="http://hl7.org/fhir/StructureDefinition/ordinalValue">
        <valueDecimal value="1"/>
      </extension>
      <valueCoding>
        <system value="http://loinc.org"/>
        <code value="LA18933-4"/>
        <display value="Less than monthly"/>
      </valueCoding>
    </answerOption>
    <answerOption>
      <extension url="http://hl7.org/fhir/StructureDefinition/questionnaire-optionPrefix">
        <valueString value="2"/>
      </extension>
      <extension url="http://hl7.org/fhir/StructureDefinition/ordinalValue">
        <valueDecimal value="2"/>
      </extension>
      <valueCoding>
        <system value="http://loinc.org"/>
        <code value="LA18876-5"/>
        <display value="Monthly"/>
      </valueCoding>
    </answerOption>
    <answerOption>
      <extension url="http://hl7.org/fhir/StructureDefinition/questionnaire-optionPrefix">
        <valueString value="3"/>
      </extension>
      <extension url="http://hl7.org/fhir/StructureDefinition/ordinalValue">
        <valueDecimal value="3"/>
      </extension>
      <valueCoding>
        <system value="http://loinc.org"/>
        <code value="LA18891-4"/>
        <display value="Weekly"/>
      </valueCoding>
    </answerOption>
    <answerOption>
      <extension url="http://hl7.org/fhir/StructureDefinition/questionnaire-optionPrefix">
        <valueString value="4"/>
      </extension>
      <extension url="http://hl7.org/fhir/StructureDefinition/ordinalValue">
        <valueDecimal value="4"/>
      </extension>
      <valueCoding>
        <system value="http://loinc.org"/>
        <code value="LA18934-2"/>
        <display value="Daily or almost daily"/>
      </valueCoding>
    </answerOption>
  </item>
  <item>
    <extension url="http://hl7.org/fhir/StructureDefinition/questionnaire-unit">
      <valueCoding>
        <system value="http://unitsofmeasure.org"/>
        <code value="{score}"/>
        <display value="{score}"/>
      </valueCoding>
    </extension>
    <linkId value="/75626-2"/>
    <code>
      <system value="http://loinc.org"/>
      <code value="75626-2"/>
      <display value="Total score [AUDIT-C]"/>
    </code>
    <text value="Total score [AUDIT-C]"/>
    <type value="decimal"/>
    <required value="false"/>
    <item>
      <extension url="http://hl7.org/fhir/StructureDefinition/questionnaire-itemControl">
        <valueCodeableConcept>
          <coding>
            <system value="http://hl7.org/fhir/questionnaire-item-control"/>
            <code value="help"/>
            <display value="Help-Button"/>
          </coding>
          <text value="Help-Button"/>
        </valueCodeableConcept>
      </extension>
      <linkId value="/75626-2-help"/>
      <text value="The Alcohol Use Disorders Identification Test C (AUDIT-C) is scored on a scale of 0-12 where the higher the score, the more likely the patient's drinking is hazardous. A score of 4 or more for men and 3 or more for women is considered positive for hazardous drinking or active alcohol use disorders. If the points are all from Question 1 alone where 2 and 3 are 0, it is likely the patient is drinking below recommended limits. The care provider may review the patients alcohol intake over that past few months to confirm accuracy. [PMID: 12695273]"/>
      <type value="display"/>
    </item>
  </item>
</Questionnaire>