{
  "package": "uscdi4-sandbox",
  "version": "0.0.0",
  "fhirVersion": "4.0.1",
  "jurisdiction": "US",
  "extensions": [
    {
      "url": "http://www.fhir.org/guides/uscdi4-sandbox/StructureDefinition/us-core-medicationrequest-compliance-extension",
      "title": "US Core Medication Compliance Extension",
      "types": [
        "CodeableConcept",
        "dateTime",
        "Reference",
        "base64Binary",
        "boolean",
        "canonical",
        "code",
        "date",
        "dateTime",
        "decimal",
        "id",
        "instant",
        "integer",
        "markdown",
        "oid",
        "positiveInt",
        "string",
        "time",
        "unsignedInt",
        "uri",
        "url",
        "uuid",
        "Address",
        "Age",
        "Annotation",
        "Attachment",
        "CodeableConcept",
        "Coding",
        "ContactPoint",
        "Count",
        "Distance",
        "Duration",
        "HumanName",
        "Identifier",
        "Money",
        "Period",
        "Quantity",
        "Range",
        "Ratio",
        "Reference",
        "SampledData",
        "Signature",
        "Timing",
        "ContactDetail",
        "Contributor",
        "DataRequirement",
        "Expression",
        "ParameterDefinition",
        "RelatedArtifact",
        "TriggerDefinition",
        "UsageContext",
        "Dosage",
        "Meta"
      ]
    }
  ],
  "profiles": {
    "Observation": [
      {
        "url": "http://www.fhir.org/guides/uscdi4-sandbox/StructureDefinition/us-core-treatment-intervention-preference",
        "title": "US Core Treatment Intervention Preference Profile"
      }
    ],
    "Location": [
      {
        "url": "http://www.fhir.org/guides/uscdi4-sandbox/StructureDefinition/us-core-location",
        "title": "US Core Location Profile"
      }
    ],
    "MedicationStatement": [
      {
        "url": "http://www.fhir.org/guides/uscdi4-sandbox/StructureDefinition/us-core-medicationstatement",
        "title": "US Core MedicationStatement"
      }
    ],
    "Specimen": [
      {
        "url": "http://www.fhir.org/guides/uscdi4-sandbox/StructureDefinition/us-core-specimen",
        "title": "US Core Specimen Profile"
      }
    ]
  },
  "usage": {
    "http://hl7.org/fhir/5.0/StructureDefinition/extension-MedicationUsage.adherence": [
      "MedicationStatement"
    ],
    "http://hl7.org/fhir/StructureDefinition/elementdefinition-bestpractice": [
      "StructureDefinition.differential.element.constraint",
      "StructureDefinition.snapshot.element.constraint"
    ],
    "http://hl7.org/fhir/StructureDefinition/elementdefinition-bestpractice-explanation": [
      "StructureDefinition.snapshot.element.constraint"
    ],
    "http://hl7.org/fhir/StructureDefinition/elementdefinition-bindingName": [
      "StructureDefinition.snapshot.element.binding"
    ],
    "http://hl7.org/fhir/StructureDefinition/elementdefinition-isCommonBinding": [
      "StructureDefinition.snapshot.element.binding"
    ],
    "http://hl7.org/fhir/StructureDefinition/elementdefinition-maxValueSet": [
      "StructureDefinition.differential.element.binding",
      "StructureDefinition.snapshot.element.binding"
    ],
    "http://hl7.org/fhir/StructureDefinition/elementdefinition-translatable": [
      "StructureDefinition.snapshot.element"
    ],
    "http://hl7.org/fhir/StructureDefinition/elementdefinition-type-must-support": [
      "StructureDefinition.differential.element.type",
      "StructureDefinition.differential.element.type.targetProfile",
      "StructureDefinition.snapshot.element.type",
      "StructureDefinition.snapshot.element.type.targetProfile"
    ],
    "http://hl7.org/fhir/StructureDefinition/instance-description": [
      "Location.meta",
      "MedicationRequest.meta",
      "MedicationStatement.meta",
      "Observation.meta",
      "Questionnaire.meta",
      "QuestionnaireResponse.meta",
      "Specimen.meta"
    ],
    "http://hl7.org/fhir/StructureDefinition/instance-name": [
      "Location.meta",
      "MedicationRequest.meta",
      "MedicationStatement.meta",
      "Observation.meta",
      "Questionnaire.meta",
      "QuestionnaireResponse.meta",
      "Specimen.meta"
    ],
    "http://hl7.org/fhir/StructureDefinition/ordinalValue": [
      "Questionnaire.item.answerOption"
    ],
    "http://hl7.org/fhir/StructureDefinition/questionnaire-itemControl": [
      "Questionnaire.item",
      "Questionnaire.item.item"
    ],
    "http://hl7.org/fhir/StructureDefinition/questionnaire-optionPrefix": [
      "Questionnaire.item.answerOption"
    ],
    "http://hl7.org/fhir/StructureDefinition/questionnaire-unit": [
      "Questionnaire.item"
    ],
    "http://hl7.org/fhir/StructureDefinition/structuredefinition-display-hint": [
      "StructureDefinition.snapshot.element"
    ],
    "http://hl7.org/fhir/StructureDefinition/structuredefinition-fhir-type": [
      "StructureDefinition.snapshot.element.type"
    ],
    "http://hl7.org/fhir/StructureDefinition/structuredefinition-fmm": [
      "CodeSystem",
      "ImplementationGuide",
      "StructureDefinition",
      "ValueSet"
    ],
    "http://hl7.org/fhir/StructureDefinition/structuredefinition-hierarchy": [
      "StructureDefinition.snapshot.element.type"
    ],
    "http://hl7.org/fhir/StructureDefinition/structuredefinition-standards-status": [
      "CodeSystem",
      "ImplementationGuide",
      "ImplementationGuide.definition.page",
      "ImplementationGuide.definition.page.page",
      "StructureDefinition",
      "StructureDefinition.snapshot.element",
      "ValueSet"
    ],
    "http://hl7.org/fhir/tools/StructureDefinition/ig-internal-dependency": [
      "ImplementationGuide.definition"
    ],
    "http://hl7.org/fhir/tools/StructureDefinition/ig-page-name": [
      "ImplementationGuide.definition.page",
      "ImplementationGuide.definition.page.page"
    ],
    "http://hl7.org/fhir/tools/StructureDefinition/ig-parameter": [
      "ImplementationGuide.definition"
    ],
    "http://hl7.org/fhir/tools/StructureDefinition/implementationguide-dependency-comment": [
      "ImplementationGuide.dependsOn"
    ],
    "http://hl7.org/fhir/tools/StructureDefinition/resource-information": [
      "ImplementationGuide.definition.resource"
    ],
    "http://hl7.org/fhir/us/core/StructureDefinition/uscdi-requirement": [
      "StructureDefinition.differential.element",
      "StructureDefinition.snapshot.element"
    ],
    "http://www.fhir.org/guides/uscdi4-sandbox/StructureDefinition/us-core-medicationrequest-compliance-extension": [
      "MedicationRequest"
    ]
  }
}