{
  "resourceType" : "ValueSet",
  "id" : "uscore-treatment-intervention-preference",
  "text" : {
    "status" : "extensions",
    "div" : "<div xmlns=\"http://www.w3.org/1999/xhtml\"><p>This value set includes codes based on the following rules:</p><ul><li>Import all the codes that are contained in https://cts.nlm.nih.gov/fhir/res/ValueSet/2.16.840.1.113762.1.4.1115.9</li><li>Include these codes as defined in <a href=\"CodeSystem-uscore-treatment-intervention-preference.html\"><code>http://hl7.org/fhir/us/core/CodeSystem/uscore-treatment-intervention-preference</code></a><table class=\"none\"><tr><td style=\"white-space:nowrap\"><b>Code</b></td><td><b>Display</b></td><td><b>Definition</b></td></tr><tr><td><a href=\"CodeSystem-uscore-treatment-intervention-preference.html#uscore-treatment-intervention-preference-intervention-preference\">intervention-preference</a></td><td>Intervention preference</td><td>A personal preference for a type of medical intervention (treatment) request under certain conditions.</td></tr></table></li></ul></div>"
  },
  "extension" : [{
    "url" : "http://hl7.org/fhir/StructureDefinition/structuredefinition-fmm",
    "valueInteger" : 1,
    "_valueInteger" : {
      "extension" : [{
        "url" : "http://hl7.org/fhir/StructureDefinition/structuredefinition-conformance-derivedFrom",
        "valueCanonical" : "http://www.fhir.org/guides/uscdi4-sandbox/ImplementationGuide/uscdi4-sandbox"
      }]
    }
  },
  {
    "url" : "http://hl7.org/fhir/StructureDefinition/structuredefinition-standards-status",
    "valueCode" : "trial-use",
    "_valueCode" : {
      "extension" : [{
        "url" : "http://hl7.org/fhir/StructureDefinition/structuredefinition-conformance-derivedFrom",
        "valueCanonical" : "http://www.fhir.org/guides/uscdi4-sandbox/ImplementationGuide/uscdi4-sandbox"
      }]
    }
  }],
  "url" : "http://hl7.org/fhir/us/core/ValueSet/uscore-treatment-intervention-preference",
  "version" : "0.0.0",
  "name" : "USCoreTreatmentInterventionPreferencValueSet",
  "title" : "US Core Treatment Intervention Preference ValueSet",
  "status" : "draft",
  "experimental" : false,
  "date" : "2023-10-02",
  "publisher" : "Health eData Inc",
  "contact" : [{
    "telecom" : [{
      "system" : "email",
      "value" : "mailto:ehaas@healthedatainc.com"
    }]
  }],
  "description" : "A code representing an individual's medical intervention (treatment) preferences.",
  "jurisdiction" : [{
    "coding" : [{
      "system" : "urn:iso:std:iso:3166",
      "code" : "US"
    }]
  }],
  "compose" : {
    "include" : [{
      "valueSet" : ["https://cts.nlm.nih.gov/fhir/res/ValueSet/2.16.840.1.113762.1.4.1115.9"]
    },
    {
      "system" : "http://hl7.org/fhir/us/core/CodeSystem/uscore-treatment-intervention-preference",
      "concept" : [{
        "code" : "intervention-preference",
        "display" : "Intervention preference"
      }]
    }]
  }
}