<?xml version="1.0" encoding="UTF-8"?>

<ValueSet xmlns="http://hl7.org/fhir">
  <id value="uscore-treatment-intervention-preference"/>
  <text>
    <status value="extensions"/><div xmlns="http://www.w3.org/1999/xhtml"><p>This value set includes codes based on the following rules:</p><ul><li>Import all the codes that are contained in https://cts.nlm.nih.gov/fhir/res/ValueSet/2.16.840.1.113762.1.4.1115.9</li><li>Include these codes as defined in <a href="CodeSystem-uscore-treatment-intervention-preference.html"><code>http://hl7.org/fhir/us/core/CodeSystem/uscore-treatment-intervention-preference</code></a><table class="none"><tr><td style="white-space:nowrap"><b>Code</b></td><td><b>Display</b></td><td><b>Definition</b></td></tr><tr><td><a href="CodeSystem-uscore-treatment-intervention-preference.html#uscore-treatment-intervention-preference-intervention-preference">intervention-preference</a></td><td>Intervention preference</td><td>A personal preference for a type of medical intervention (treatment) request under certain conditions.</td></tr></table></li></ul></div>
  </text>
  <extension url="http://hl7.org/fhir/StructureDefinition/structuredefinition-fmm">
    <valueInteger value="1">
      <extension url="http://hl7.org/fhir/StructureDefinition/structuredefinition-conformance-derivedFrom">
        <valueCanonical value="http://www.fhir.org/guides/uscdi4-sandbox/ImplementationGuide/uscdi4-sandbox"/>
      </extension>
    </valueInteger>
  </extension>
  <extension url="http://hl7.org/fhir/StructureDefinition/structuredefinition-standards-status">
    <valueCode value="trial-use">
      <extension url="http://hl7.org/fhir/StructureDefinition/structuredefinition-conformance-derivedFrom">
        <valueCanonical value="http://www.fhir.org/guides/uscdi4-sandbox/ImplementationGuide/uscdi4-sandbox"/>
      </extension>
    </valueCode>
  </extension>
  <url value="http://hl7.org/fhir/us/core/ValueSet/uscore-treatment-intervention-preference"/>
  <version value="0.0.0"/>
  <name value="USCoreTreatmentInterventionPreferencValueSet"/>
  <title value="US Core Treatment Intervention Preference ValueSet"/>
  <status value="draft"/>
  <experimental value="false"/>
  <date value="2023-10-02"/>
  <publisher value="Health eData Inc"/>
  <contact>
    <telecom>
      <system value="email"/>
      <value value="mailto:ehaas@healthedatainc.com"/>
    </telecom>
  </contact>
  <description value="A code representing an individual's medical intervention (treatment) preferences."/>
  <jurisdiction>
    <coding>
      <system value="urn:iso:std:iso:3166"/>
      <code value="US"/>
    </coding>
  </jurisdiction>
  <compose>
    <include>
      <valueSet value="https://cts.nlm.nih.gov/fhir/res/ValueSet/2.16.840.1.113762.1.4.1115.9"/>
    </include>
    <include>
      <system value="http://hl7.org/fhir/us/core/CodeSystem/uscore-treatment-intervention-preference"/>
      <concept>
        <code value="intervention-preference"/>
        <display value="Intervention preference"/>
      </concept>
    </include>
  </compose>
</ValueSet>