<?xml version="1.0" encoding="UTF-8"?>

<ValueSet xmlns="http://hl7.org/fhir">
  <id value="uscore-pa-codes"/>
  <text>
    <status value="generated"/><div xmlns="http://www.w3.org/1999/xhtml"><ul><li>Include these codes as defined in <a href="http://loinc.org"><code>http://loinc.org</code></a><table class="none"><tr><td style="white-space:nowrap"><b>Code</b></td><td><b>Display</b></td></tr><tr><td><a href="https://loinc.org/73985-4/">73985-4</a></td><td>Exercise activity</td></tr><tr><td><a href="https://loinc.org/55411-3/">55411-3</a></td><td>Exercise duration</td></tr><tr><td><a href="https://loinc.org/77592-4/">77592-4</a></td><td>Moderate physical activity [IPAQ]</td></tr><tr><td><a href="https://loinc.org/77593-2/">77593-2</a></td><td>Vigorous physical activity [IPAQ]</td></tr><tr><td><a href="https://loinc.org/55426-1/">55426-1</a></td><td>Heart rate unspecified time maximum by Pedometer</td></tr><tr><td><a href="https://loinc.org/55425-3/">55425-3</a></td><td>Heart rate unspecified time mean by Pedometer</td></tr><tr><td><a href="https://loinc.org/55424-6/">55424-6</a></td><td>Calories burned in unspecified time Pedometer</td></tr><tr><td><a href="https://loinc.org/89555-7/">89555-7</a></td><td>How many days per week did you engage in moderate to strenuous physical activity in the last 30 days</td></tr><tr><td><a href="https://loinc.org/68516-4/">68516-4</a></td><td>On those days that you engage in moderate to strenuous exercise, how many minutes, on average, do you exercise</td></tr><tr><td><a href="https://loinc.org/82290-8/">82290-8</a></td><td>Frequency of moderate to vigorous aerobic physical activity</td></tr><tr><td><a href="https://loinc.org/82291-6/">82291-6</a></td><td>Frequency of muscle-strengthening physical activity</td></tr></table></li></ul></div>
  </text>
  <extension url="http://hl7.org/fhir/StructureDefinition/structuredefinition-standards-status">
    <valueCode value="informative">
      <extension url="http://hl7.org/fhir/StructureDefinition/structuredefinition-conformance-derivedFrom">
        <valueCanonical value="http://www.fhir.org/guides/uscdi4-sandbox/ImplementationGuide/uscdi4-sandbox"/>
      </extension>
    </valueCode>
  </extension>
  <url value="http://hl7.org/fhir/us/core/ValueSet/uscore-pa-codes"/>
  <version value="0.0.0"/>
  <name value="USCorePaCodesValueSet"/>
  <title value="US Core PA Codes ValueSet"/>
  <status value="draft"/>
  <experimental value="true"/>
  <date value="2023-10-30"/>
  <publisher value="Health eData Inc"/>
  <contact>
    <telecom>
      <system value="email"/>
      <value value="mailto:ehaas@healthedatainc.com"/>
    </telecom>
  </contact>
  <description value="A starter set of Physical Activity codes based off the [Physical activity IG](https://hl7.org/fhir/us/physical-activity/)"/>
  <jurisdiction>
    <coding>
      <system value="urn:iso:std:iso:3166"/>
      <code value="US"/>
    </coding>
  </jurisdiction>
  <compose>
    <include>
      <system value="http://loinc.org"/>
      <concept>
        <code value="73985-4"/>
        <display value="Exercise activity"/>
      </concept>
      <concept>
        <code value="55411-3"/>
        <display value="Exercise duration"/>
      </concept>
      <concept>
        <code value="77592-4"/>
        <display value="Moderate physical activity [IPAQ]"/>
      </concept>
      <concept>
        <code value="77593-2"/>
        <display value="Vigorous physical activity [IPAQ]"/>
      </concept>
      <concept>
        <code value="55426-1"/>
        <display value="Heart rate unspecified time maximum by Pedometer"/>
      </concept>
      <concept>
        <code value="55425-3"/>
        <display value="Heart rate unspecified time mean by Pedometer"/>
      </concept>
      <concept>
        <code value="55424-6"/>
        <display value="Calories burned in unspecified time Pedometer"/>
      </concept>
      <concept>
        <code value="89555-7"/>
        <display value="How many days per week did you engage in moderate to strenuous physical activity in the last 30 days"/>
      </concept>
      <concept>
        <code value="68516-4"/>
        <display value="On those days that you engage in moderate to strenuous exercise, how many minutes, on average, do you exercise"/>
      </concept>
      <concept>
        <code value="82290-8"/>
        <display value="Frequency of moderate to vigorous aerobic physical activity"/>
      </concept>
      <concept>
        <code value="82291-6"/>
        <display value="Frequency of muscle-strengthening physical activity"/>
      </concept>
    </include>
  </compose>
</ValueSet>