{"resourceType":"ValueSet","id":"uscore-care-experience-preference","text":{"status":"generated","div":"<div xmlns=\"http://www.w3.org/1999/xhtml\"><ul><li>Include these codes as defined in <a href=\"http://loinc.org\"><code>http://loinc.org</code></a><table class=\"none\"><tr><td style=\"white-space:nowrap\"><b>Code</b></td><td><b>Display</b></td></tr><tr><td><a href=\"https://loinc.org/95541-9/\">95541-9</a></td><td>Care experience preference</td></tr></table></li></ul></div>"},"extension":[{"url":"http://hl7.org/fhir/StructureDefinition/structuredefinition-fmm","valueInteger":1,"_valueInteger":{"extension":[{"url":"http://hl7.org/fhir/StructureDefinition/structuredefinition-conformance-derivedFrom","valueCanonical":"http://www.fhir.org/guides/uscdi4-sandbox/ImplementationGuide/uscdi4-sandbox"}]}},{"url":"http://hl7.org/fhir/StructureDefinition/structuredefinition-standards-status","valueCode":"trial-use","_valueCode":{"extension":[{"url":"http://hl7.org/fhir/StructureDefinition/structuredefinition-conformance-derivedFrom","valueCanonical":"http://www.fhir.org/guides/uscdi4-sandbox/ImplementationGuide/uscdi4-sandbox"}]}}],"url":"http://www.fhir.org/guides/uscdi4-sandbox/ValueSet/uscore-care-experience-preference","version":"0.0.0","name":"USCoreCareExperiencePreference","title":"US Core Care Experience Preference Codes","status":"draft","experimental":false,"date":"2023-08-15","publisher":"Health eData Inc","contact":[{"telecom":[{"system":"email","value":"mailto:ehaas@healthedatainc.com"}]}],"description":"A code representing an individual's care experience preferences.","jurisdiction":[{"coding":[{"system":"urn:iso:std:iso:3166","code":"US"}]}],"compose":{"include":[{"system":"http://loinc.org","concept":[{"code":"95541-9","display":"Care experience preference"}]}]}}