{"resourceType":"ValueSet","id":"uscore-medicationstatement-status","text":{"status":"extensions","div":"<div xmlns=\"http://www.w3.org/1999/xhtml\"><p>This value set includes codes based on the following rules:</p><ul><li>Include all codes defined in <a href=\"http://hl7.org/fhir/R4/codesystem-medication-statement-status.html\"><code>http://hl7.org/fhir/CodeSystem/medication-statement-status</code></a></li></ul><p>This value set excludes codes based on the following rules:</p><ul><li>Exclude these codes as defined in <a href=\"http://hl7.org/fhir/R4/codesystem-medication-statement-status.html\"><code>http://hl7.org/fhir/CodeSystem/medication-statement-status</code></a><table class=\"none\"><tr><td style=\"white-space:nowrap\"><b>Code</b></td><td><b>Display</b></td><td><b>Definition</b></td></tr><tr><td><a href=\"http://hl7.org/fhir/R4/codesystem-medication-statement-status.html#medication-statement-status-not-taken\">not-taken</a></td><td style=\"color: #cccccc\">Not Taken</td><td>The medication was not consumed by the patient</td></tr><tr><td><a href=\"http://hl7.org/fhir/R4/codesystem-medication-statement-status.html#medication-statement-status-on-hold\">on-hold</a></td><td style=\"color: #cccccc\">On Hold</td><td>Actions implied by the statement have been temporarily halted, but are expected to continue later. May also be called 'suspended'.</td></tr><tr><td><a href=\"http://hl7.org/fhir/R4/codesystem-medication-statement-status.html#medication-statement-status-stopped\">stopped</a></td><td style=\"color: #cccccc\">Stopped</td><td>Actions implied by the statement have been permanently halted, before all of them occurred. This should not be used if the statement was entered in error.</td></tr><tr><td><a href=\"http://hl7.org/fhir/R4/codesystem-medication-statement-status.html#medication-statement-status-unknown\">unknown</a></td><td style=\"color: #cccccc\">Unknown</td><td>The state of the medication use is not currently known.</td></tr></table></li></ul></div>"},"extension":[{"url":"http://hl7.org/fhir/StructureDefinition/structuredefinition-fmm","valueInteger":1,"_valueInteger":{"extension":[{"url":"http://hl7.org/fhir/StructureDefinition/structuredefinition-conformance-derivedFrom","valueCanonical":"http://www.fhir.org/guides/uscdi4-sandbox/ImplementationGuide/uscdi4-sandbox"}]}},{"url":"http://hl7.org/fhir/StructureDefinition/structuredefinition-standards-status","valueCode":"trial-use","_valueCode":{"extension":[{"url":"http://hl7.org/fhir/StructureDefinition/structuredefinition-conformance-derivedFrom","valueCanonical":"http://www.fhir.org/guides/uscdi4-sandbox/ImplementationGuide/uscdi4-sandbox"}]}}],"url":"http://www.fhir.org/guides/uscdi4-sandbox/ValueSet/uscore-medicationstatement-status","version":"0.0.0","name":"USCoreMedicationstatementStatus","title":"US Core Medication Status Codes","status":"draft","experimental":false,"date":"2023-08-15","publisher":"Health eData Inc","contact":[{"telecom":[{"system":"email","value":"mailto:ehaas@healthedatainc.com"}]}],"description":"A code specifying the state of the statement.  Generally, this will be active or completed state.  This value set excludes the concept used internally by the FHIR specification, not-taken,on-hold,stopped, and unknown, because they are covered by the medication adherence extension.","jurisdiction":[{"coding":[{"system":"urn:iso:std:iso:3166","code":"US"}]}],"immutable":true,"compose":{"include":[{"system":"http://hl7.org/fhir/CodeSystem/medication-statement-status"}],"exclude":[{"system":"http://hl7.org/fhir/CodeSystem/medication-statement-status","concept":[{"code":"not-taken"},{"code":"on-hold"},{"code":"stopped"},{"code":"unknown"}]}]}}