{
  "resourceType" : "CodeSystem",
  "id" : "uscore-treatment-intervention-preference",
  "text" : {
    "status" : "generated",
    "div" : "<div xmlns=\"http://www.w3.org/1999/xhtml\"><p>This case-sensitive code system <code>http://hl7.org/fhir/us/core/CodeSystem/uscore-treatment-intervention-preference</code> defines the following code:</p><table class=\"codes\"><tr><td style=\"white-space:nowrap\"><b>Code</b></td><td><b>Display</b></td><td><b>Definition</b></td></tr><tr><td style=\"white-space:nowrap\">intervention-preference<a name=\"uscore-treatment-intervention-preference-intervention-preference\"> </a></td><td>Intervention Preference</td><td>A personal preference for a type of medical intervention (treatment) request under certain conditions.</td></tr></table></div>"
  },
  "extension" : [{
    "url" : "http://hl7.org/fhir/StructureDefinition/structuredefinition-fmm",
    "valueInteger" : 1,
    "_valueInteger" : {
      "extension" : [{
        "url" : "http://hl7.org/fhir/StructureDefinition/structuredefinition-conformance-derivedFrom",
        "valueCanonical" : "http://www.fhir.org/guides/uscdi4-sandbox/ImplementationGuide/uscdi4-sandbox"
      }]
    }
  },
  {
    "url" : "http://hl7.org/fhir/StructureDefinition/structuredefinition-standards-status",
    "valueCode" : "trial-use",
    "_valueCode" : {
      "extension" : [{
        "url" : "http://hl7.org/fhir/StructureDefinition/structuredefinition-conformance-derivedFrom",
        "valueCanonical" : "http://www.fhir.org/guides/uscdi4-sandbox/ImplementationGuide/uscdi4-sandbox"
      }]
    }
  }],
  "url" : "http://hl7.org/fhir/us/core/CodeSystem/uscore-treatment-intervention-preference",
  "version" : "0.0.0",
  "name" : "USCoreTreatmentInterventionPreferenceCodeSystem",
  "title" : "US Core Treatment Intervention Preference CodeSystem",
  "status" : "active",
  "experimental" : false,
  "date" : "2023-10-02",
  "publisher" : "Health eData Inc",
  "contact" : [{
    "telecom" : [{
      "system" : "email",
      "value" : "mailto:ehaas@healthedatainc.com"
    }]
  }],
  "description" : "A code representing an individual's medical intervention (treatment) preferences.",
  "jurisdiction" : [{
    "coding" : [{
      "system" : "urn:iso:std:iso:3166",
      "code" : "US"
    }]
  }],
  "copyright" : "Used by permission of HL7 International, all rights reserved Creative Commons License",
  "caseSensitive" : true,
  "content" : "complete",
  "concept" : [{
    "code" : "intervention-preference",
    "display" : "Intervention Preference",
    "definition" : "A personal preference for a type of medical intervention (treatment) request under certain conditions."
  }]
}