{
  "resourceType" : "Location",
  "id" : "hospital",
  "meta" : {
    "extension" : [{
      "url" : "http://hl7.org/fhir/StructureDefinition/instance-name",
      "valueString" : "Hospital Location"
    },
    {
      "url" : "http://hl7.org/fhir/StructureDefinition/instance-description",
      "valueMarkdown" : "This is an example hospital location for the *US Core Location Profile*."
    }],
    "profile" : ["http://www.fhir.org/guides/uscdi4-sandbox/StructureDefinition/us-core-location"]
  },
  "text" : {
    "status" : "generated",
    "div" : "<div xmlns=\"http://www.w3.org/1999/xhtml\"><p><b>Generated Narrative: Location</b><a name=\"hospital\"> </a></p><div style=\"display: inline-block; background-color: #d9e0e7; padding: 6px; margin: 4px; border: 1px solid #8da1b4; border-radius: 5px; line-height: 60%\"><p style=\"margin-bottom: 0px\">Resource Location &quot;hospital&quot; </p><p style=\"margin-bottom: 0px\">Profile: <code>http://www.fhir.org/guides/uscdi4-sandbox/StructureDefinition/us-core-location</code></p></div><p><b>identifier</b>: id:\u00a01234567893</p><p><b>status</b>: active</p><p><b>name</b>: Holy Family Hospital</p><p><b>type</b>: Hospital <span style=\"background: LightGoldenRodYellow; margin: 4px; border: 1px solid khaki\"> (<a href=\"http://terminology.hl7.org/5.0.0/CodeSystem-v3-RoleCode.html\">RoleCode</a>#HOSP)</span></p><p><b>telecom</b>: ph: 9786870156</p><p><b>address</b>: 70 EAST STREET METHUEN MA 01844 US </p><p><b>managingOrganization</b>: <a href=\"http://www.hl7.org/fhir/us/core/Organization/holy-healthcare\">http://www.hl7.org/fhir/us/core/Organization/holy-healthcare: Holy Healthcare</a></p></div>"
  },
  "identifier" : [{
    "system" : "http://hl7.org/fhir/sid/us-npi",
    "value" : "1234567893"
  }],
  "status" : "active",
  "name" : "Holy Family Hospital",
  "type" : [{
    "coding" : [{
      "system" : "http://terminology.hl7.org/CodeSystem/v3-RoleCode",
      "code" : "HOSP",
      "display" : "Hospital"
    }],
    "text" : "Hospital"
  }],
  "telecom" : [{
    "system" : "phone",
    "value" : "9786870156"
  }],
  "address" : {
    "line" : ["70 EAST STREET"],
    "city" : "METHUEN",
    "state" : "MA",
    "postalCode" : "01844",
    "country" : "US"
  },
  "managingOrganization" : {
    "reference" : "http://www.hl7.org/fhir/us/core/Organization/holy-healthcare",
    "display" : "Holy Healthcare"
  }
}