{
  "resourceType" : "Observation",
  "id" : "TAPS-item-example-75889-6",
  "meta" : {
    "extension" : [{
      "url" : "http://hl7.org/fhir/StructureDefinition/instance-name",
      "valueString" : "Taps Item Example 75889-6"
    },
    {
      "url" : "http://hl7.org/fhir/StructureDefinition/instance-description",
      "valueMarkdown" : "This is a Taps Item Example 75889-6 (How often have you had four or more drinks in one day during the past year [Reported]) for the *US Core Observation Screening Assessment Profile*"
    }],
    "profile" : ["http://hl7.org/fhir/us/core/StructureDefinition/us-core-observation-screening-assessment"]
  },
  "text" : {
    "status" : "generated",
    "div" : "<div xmlns=\"http://www.w3.org/1999/xhtml\"><p><b>Generated Narrative: Observation</b><a name=\"TAPS-item-example-75889-6\"> </a></p><div style=\"display: inline-block; background-color: #d9e0e7; padding: 6px; margin: 4px; border: 1px solid #8da1b4; border-radius: 5px; line-height: 60%\"><p style=\"margin-bottom: 0px\">Resource Observation &quot;TAPS-item-example-75889-6&quot; </p><p style=\"margin-bottom: 0px\">Profile: <a href=\"http://hl7.org/fhir/us/core/STU6.1/StructureDefinition-us-core-observation-screening-assessment.html\">US Core Observation Screening Assessment Profile</a></p></div><p><b>status</b>: final</p><p><b>category</b>: Survey <span style=\"background: LightGoldenRodYellow; margin: 4px; border: 1px solid khaki\"> (<a href=\"http://terminology.hl7.org/5.0.0/CodeSystem-observation-category.html\">Observation Category Codes</a>#survey)</span></p><p><b>code</b>: How often have you had four or more drinks in one day during the past year [Reported] <span style=\"background: LightGoldenRodYellow; margin: 4px; border: 1px solid khaki\"> (<a href=\"https://loinc.org/\">LOINC</a>#75889-6)</span></p><p><b>subject</b>: <a href=\"http://www.hl7.org/fhir/us/core/Patient/example\">http://www.hl7.org/fhir/us/core/Patient/example</a></p><p><b>effective</b>: 2023-08-14 20:40:49+0000</p><p><b>performer</b>: <a href=\"https://www.hl7.org/fhir/us/core/Practitioner/practitioner-1\">https://www.hl7.org/fhir/us/core/Practitioner/practitioner-1</a></p><p><b>value</b>: Never <span style=\"background: LightGoldenRodYellow; margin: 4px; border: 1px solid khaki\"> (<a href=\"https://loinc.org/\">LOINC</a>#LA6270-8)</span></p><p><b>note</b>: A question asked to determine if the patient is considered a 'risky drinker'. This term was created for, but not limited in use to, an electronic Clinical Quality Measure (eCQM) to be used in the CMS EHR Incentive Program for Meaningful Use. The eCQM allows for multiple ways to screen for alcohol misuse, including AUDIT-C [LOINC: 75626-2] or one of two questions that assess whether the patient consumes alcohol [LOINC: 75855-7] and the frequency of heavy drinking days (this LOINC). The LOINC for five (5) or more drinks per day is [LOINC: 88037-7].</p><p><b>derivedFrom</b>: <a href=\"QuestionnaireResponse-TAPS.html\">QuestionnaireResponse/TAPS: Tobacco, Alcohol, Prescription medications, and other Substance use screen [TAPS] QuestionnaireResponse Example</a></p></div>"
  },
  "status" : "final",
  "category" : [{
    "coding" : [{
      "system" : "http://terminology.hl7.org/CodeSystem/observation-category",
      "code" : "survey",
      "display" : "Survey"
    }]
  }],
  "code" : {
    "coding" : [{
      "system" : "http://loinc.org",
      "code" : "75889-6",
      "display" : "How often have you had four or more drinks in one day during the past year [Reported]"
    }],
    "text" : "How often have you had four or more drinks in one day during the past year [Reported]"
  },
  "subject" : {
    "reference" : "http://www.hl7.org/fhir/us/core/Patient/example"
  },
  "effectiveDateTime" : "2023-08-14T20:40:49.675000+00:00",
  "performer" : [{
    "reference" : "https://www.hl7.org/fhir/us/core/Practitioner/practitioner-1"
  }],
  "valueCodeableConcept" : {
    "coding" : [{
      "system" : "http://loinc.org",
      "code" : "LA6270-8",
      "display" : "Never"
    }],
    "text" : "Never"
  },
  "note" : [{
    "text" : "A question asked to determine if the patient is considered a 'risky drinker'. This term was created for, but not limited in use to, an electronic Clinical Quality Measure (eCQM) to be used in the CMS EHR Incentive Program for Meaningful Use. The eCQM allows for multiple ways to screen for alcohol misuse, including AUDIT-C [LOINC: 75626-2] or one of two questions that assess whether the patient consumes alcohol [LOINC: 75855-7] and the frequency of heavy drinking days (this LOINC). The LOINC for five (5) or more drinks per day is [LOINC: 88037-7]."
  }],
  "derivedFrom" : [{
    "reference" : "QuestionnaireResponse/TAPS",
    "display" : "Tobacco, Alcohol, Prescription medications, and other Substance use screen [TAPS] QuestionnaireResponse Example"
  }]
}