{
  "resourceType" : "Observation",
  "id" : "alcoholic-drinks-per-day",
  "meta" : {
    "extension" : [{
      "url" : "http://hl7.org/fhir/StructureDefinition/instance-name",
      "valueString" : "Alcoholic Drinks Per Day Example"
    },
    {
      "url" : "http://hl7.org/fhir/StructureDefinition/instance-description",
      "valueMarkdown" : "This is an Alcoholic Drinks Per Day example for the *Simple Observation Profile*.  It is based on the on US Core [Screening and Assessments](http://hl7.org/fhir/us/core/screening-and-assessments.html) guidance using Simple Observations."
    }],
    "profile" : ["http://hl7.org/fhir/us/core/StructureDefinition/us-core-simple-observation"]
  },
  "text" : {
    "status" : "generated",
    "div" : "<div xmlns=\"http://www.w3.org/1999/xhtml\"><p><b>Generated Narrative: Observation</b><a name=\"alcoholic-drinks-per-day\"> </a></p><div style=\"display: inline-block; background-color: #d9e0e7; padding: 6px; margin: 4px; border: 1px solid #8da1b4; border-radius: 5px; line-height: 60%\"><p style=\"margin-bottom: 0px\">Resource Observation &quot;alcoholic-drinks-per-day&quot; </p><p style=\"margin-bottom: 0px\">Profile: <a href=\"http://hl7.org/fhir/us/core/STU6.1/StructureDefinition-us-core-simple-observation.html\">US Core Simple Observation Profile</a></p></div><p><b>category</b>: Social History <span style=\"background: LightGoldenRodYellow; margin: 4px; border: 1px solid khaki\"> (<a href=\"http://terminology.hl7.org/5.0.0/CodeSystem-observation-category.html\">Observation Category Codes</a>#social-history)</span></p><p><b>code</b>: Alcoholic drinks per day <span style=\"background: LightGoldenRodYellow; margin: 4px; border: 1px solid khaki\"> (<a href=\"https://loinc.org/\">LOINC</a>#74013-4)</span></p><p><b>subject</b>: <a href=\"http://www.hl7.org/fhir/us/core/Patient/example\">http://www.hl7.org/fhir/us/core/Patient/example: Amy Shaw</a></p><p><b>effective</b>: 2023-08-03</p><p><b>performer</b>: <a href=\"http://www.hl7.org/fhir/us/core/Patient/example\">http://www.hl7.org/fhir/us/core/Patient/example: Amy Shaw</a></p><p><b>value</b>: 0.0 # per day</p></div>"
  },
  "category" : [{
    "coding" : [{
      "system" : "http://terminology.hl7.org/CodeSystem/observation-category",
      "code" : "social-history",
      "display" : "Social History"
    }],
    "text" : "Social History"
  }],
  "code" : {
    "coding" : [{
      "system" : "http://loinc.org",
      "code" : "74013-4",
      "display" : "Alcoholic drinks per day"
    }],
    "text" : "Alcoholic drinks per day"
  },
  "subject" : {
    "reference" : "http://www.hl7.org/fhir/us/core/Patient/example",
    "display" : "Amy Shaw"
  },
  "effectiveDateTime" : "2023-08-03",
  "performer" : [{
    "reference" : "http://www.hl7.org/fhir/us/core/Patient/example",
    "display" : "Amy Shaw"
  }],
  "valueQuantity" : {
    "value" : 0.0,
    "unit" : "# per day"
  }
}